scode	school	cscode	center	center_address	allocation	distance_km
27113	काठमाडौ वर्नहार्ट मा.वि., बल्खु	27319	GYANODAYA SECONDARY SCHOOL	BAFAL	200	0.3383387915491176
27113	काठमाडौ वर्नहार्ट मा.वि., बल्खु	27305	GREENFIELD NATIONAL SECONDARY SCHOOL	SITAPAILA	200	0.30646195891350836
27113	काठमाडौ वर्नहार्ट मा.वि., बल्खु	27311	SITAPAILA SECONDARY SCHOOL	SITAPAILA	200	0.8771965626631949
27113	काठमाडौ वर्नहार्ट मा.वि., बल्खु	27144	NEPALAYA SECONDARY SCHOOL	KALANKISTHAN	197	0.8009920851100071
27042	नेपाल काण्ठमण्डप मा.वि., कलंकी	27144	NEPALAYA SECONDARY SCHOOL	KALANKISTHAN	135	0.5908983820971804
27042	नेपाल काण्ठमण्डप मा.वि., कलंकी	27135	RICHMOND ACADEMY SECONDARY SCHOOL	KALANKI	200	0.8000750234458017
27042	नेपाल काण्ठमण्डप मा.वि., कलंकी	27319	GYANODAYA SECONDARY SCHOOL	BAFAL	200	0.38109356190271887
27042	नेपाल काण्ठमण्डप मा.वि., कलंकी	27113	KATHMANDU BERNHEART SECONDARY SCHOOL	BALKHU	15	0.5005511112505767
27057	नोवेल एकाडेमी मा.वि., नयाँवानेश्वर	27126	KNOWLEDGE AND WISDOM ACADEMY SECONDARY SCHOOL	NAYA BANESHWAR	200	0.3427606076657611
27057	नोवेल एकाडेमी मा.वि., नयाँवानेश्वर	27117	NEPAL MEGHA COLLEGE	BABARMAHAL	200	0.385098162747161
27057	नोवेल एकाडेमी मा.वि., नयाँवानेश्वर	27083	COLUMBUS SECONDARY SCHOOL	SHANKHAMUL	200	0.5520477714274894
27057	नोवेल एकाडेमी मा.वि., नयाँवानेश्वर	27119	PREMIER SECONDARY SCHOOL	NAYABANESHWAR	200	0.6882396714237206
27057	नोवेल एकाडेमी मा.वि., नयाँवानेश्वर	27081	SWAPNA BATIKA ACADEMY	BUDDHANAGAR	150	0.8479872136132628
27063	हिमालयन ह्वाइट हाउस इन्टरनेशनल मा.वि., नयाँ वानेश्वर	27017	BINAYAK SUDHA NIKETAN SECONDARY SCHOOL	BANESHWAR	200	0.4671660125808557
27063	हिमालयन ह्वाइट हाउस इन्टरनेशनल मा.वि., नयाँ वानेश्वर	27263	COLLEGE OF NATIONAL ACADEMIC SQUARE	KOTESHWOR	200	0.5677008904358555
27063	हिमालयन ह्वाइट हाउस इन्टरनेशनल मा.वि., नयाँ वानेश्वर	27118	TRITON INTERNATIONAL SECONDARY SCHOOL	SUBDHANAGAR TINKUNE	200	0.36953738462771324
27063	हिमालयन ह्वाइट हाउस इन्टरनेशनल मा.वि., नयाँ वानेश्वर	27064	HIMALAYA ENGLISH BOARDING SECONDARY SCHOOL	KOTESHWOR	200	0.45960212725593425
27063	हिमालयन ह्वाइट हाउस इन्टरनेशनल मा.वि., नयाँ वानेश्वर	27257	GLACIER INTERNATIONAL SECONDARY SCHOOL	SHANTINAGAR	9	0.5868428709468924
27152	काठमाडौं स्कुल अफ सेन्ट्रल स्टेट, सोल्टिमोड,कालिमाटी	27340	JANAPRABHAT SECONDARY SCHOOL	KALIMATI	200	0.22752138074924141
27152	काठमाडौं स्कुल अफ सेन्ट्रल स्टेट, सोल्टिमोड,कालिमाटी	27006	HOLYVISION SECONDARY SCHOOL	TAHACHAL	200	0.5604411741030358
27152	काठमाडौं स्कुल अफ सेन्ट्रल स्टेट, सोल्टिमोड,कालिमाटी	27043	JANAMAITRI MULTIPLE CAMPUS	KULESHWAR	147	0.6166688856708776
27319	ज्ञानोदय मा.वि., पुरानो कालिमाटी, बाफल	27095	EDMARK ACADEMY SECONDARY SCHOOL	KALANKI	200	0.5412203885675897
27319	ज्ञानोदय मा.वि., पुरानो कालिमाटी, बाफल	27447	JANAPATH SECONDARY SCHOOL	KALANKI	200	1.023356761237496
27319	ज्ञानोदय मा.वि., पुरानो कालिमाटी, बाफल	27080	CAPITAL HILL ACADEMY SECONDARY SCHOOL	TEKU	200	1.8654028858156995
27319	ज्ञानोदय मा.वि., पुरानो कालिमाटी, बाफल	27340	JANAPRABHAT SECONDARY SCHOOL	KALIMATI	42	0.9452478320946103
27003	नेशनल स्कूल अफ साइन्सेस मा.वि., लैनचौर	27243	SHANTI BIDHYAGRIHA SECONDARY SCHOOL	LAINCHAUR	200	0.040825090130492986
27003	नेशनल स्कूल अफ साइन्सेस मा.वि., लैनचौर	27086	MANMOHAN MEMORIAL COLLEGE	SORAKHUTTA	200	0.500053717668479
27003	नेशनल स्कूल अफ साइन्सेस मा.वि., लैनचौर	27018	WHITE FIELD SECONDARY SCHOOL	KHUSIBU	200	1.1180132834869108
27003	नेशनल स्कूल अफ साइन्सेस मा.वि., लैनचौर	27337	NEPAL YOUBAK SECONDARY SCHOOL	PAKANAJOL	200	0.6661798343226321
27003	नेशनल स्कूल अफ साइन्सेस मा.वि., लैनचौर	27208	MANASALU PUBLIC SECONDARY SCHOOL	NAYABAZAR	200	0.7150023599417773
27439	ग्लोबल स्कुल, मध्यवानेश्वर	27133	GLOBAL COLLEGE OF MANAGEMENT	BANESHWAR	200	0.09047828137992048
27439	ग्लोबल स्कुल, मध्यवानेश्वर	27240	SHARADA SECONDARY SCHOOL	GAUSHALA	200	1.0576513455701595
27439	ग्लोबल स्कुल, मध्यवानेश्वर	27036	ST.LAWERENCE SECONDARY SCHOOL	CHABAHIL	200	1.829830517773865
27439	ग्लोबल स्कुल, मध्यवानेश्वर	27172	LIVERPOOL SECONDARY SCHOOL	BANESHWAR	15	1.8777081448610071
27007	ट्रिनीटी इन्टरनेशनल मा.वि., डिल्लीबजार	27159	BIJAY SMARAK MA VI	DILLIBAZAR	200	0.22778799442773992
27007	ट्रिनीटी इन्टरनेशनल मा.वि., डिल्लीबजार	27084	SIDDHARTHA ACADEMY SECONDARY SCHOOL	BAFAL	200	0.7180878518166628
27007	ट्रिनीटी इन्टरनेशनल मा.वि., डिल्लीबजार	27192	PADMAKANYA BIDYASHRAM SECONDARY SCHOOL	DILLIBAZAR	200	0.19769805506316349
27007	ट्रिनीटी इन्टरनेशनल मा.वि., डिल्लीबजार	27174	PADMODAYA SECONDARY SCHOOL	RAMSHAPATH	200	0.43293695400173915
27007	ट्रिनीटी इन्टरनेशनल मा.वि., डिल्लीबजार	27051	UNIGLOBE MA VI	KAMALADI	200	0.6313237886041407
27007	ट्रिनीटी इन्टरनेशनल मा.वि., डिल्लीबजार	27011	VISHWO NIKETAN SECONDARY SCHOOL	TRIPURESHWAR	200	1.7704321865124715
27007	ट्रिनीटी इन्टरनेशनल मा.वि., डिल्लीबजार	27104	THE TIMES ENGLISH SCHOOL	DILLIBAZAR	200	0.5698981095211547
27007	ट्रिनीटी इन्टरनेशनल मा.वि., डिल्लीबजार	27505	SHANTI SIKSHYA SECONDARY SCHOOL	THAHITI	200	1.7039370811973218
27007	ट्रिनीटी इन्टरनेशनल मा.वि., डिल्लीबजार	27101	KATHMANDU MODEL SECONDARY SCHOOL	BAGBAZAR	100	0.6969838342849073
27040	ग्रामीण आदर्श बहुमुखी क्याम्पस, नेपालटार	27271	ANGELS HEART SECONDARY SCHOOL	TARAKESHWAR	200	0.9509311232325282
27040	ग्रामीण आदर्श बहुमुखी क्याम्पस, नेपालटार	27242	MAN SINGH DHARMA SECONDARY SCHOOL	MANAMAIJU	200	0.9005572728724734
27040	ग्रामीण आदर्श बहुमुखी क्याम्पस, नेपालटार	27074	PASANGLAMHU SHERPA SECONDARY SCHOOL	GONGABU	200	1.4747949838931322
27040	ग्रामीण आदर्श बहुमुखी क्याम्पस, नेपालटार	27260	SWATI SADAN SECONDARY SCHOOL	MACHAPOKHARI	189	0.6308388062077438
27101	काठमाण्डौ मोडेल मा.वि., वागवजार	27084	SIDDHARTHA ACADEMY SECONDARY SCHOOL	BAFAL	199	0.22640073300631666
27101	काठमाण्डौ मोडेल मा.वि., वागवजार	27104	THE TIMES ENGLISH SCHOOL	DILLIBAZAR	200	0.7777213308994523
27101	काठमाण्डौ मोडेल मा.वि., वागवजार	27051	UNIGLOBE MA VI	KAMALADI	200	0.22009156783177938
27101	काठमाण्डौ मोडेल मा.वि., वागवजार	27039	KANYA MANDIR SECONDARY SCHOOL	NAKHYA	200	1.0502296597943614
27101	काठमाण्डौ मोडेल मा.वि., वागवजार	27341	JUDDHODAYA SECONDARY SCHOOL	CHETRAPATI	200	1.0808799923426207
27101	काठमाण्डौ मोडेल मा.वि., वागवजार	27505	SHANTI SIKSHYA SECONDARY SCHOOL	THAHITI	200	1.0075555216317404
27101	काठमाण्डौ मोडेल मा.वि., वागवजार	27192	PADMAKANYA BIDYASHRAM SECONDARY SCHOOL	DILLIBAZAR	200	0.7356127609181287
27101	काठमाण्डौ मोडेल मा.वि., वागवजार	27021	ANAPURNA SECONDARY SCHOOL	JYATHA	200	0.6431152534122843
27101	काठमाण्डौ मोडेल मा.वि., वागवजार	27174	PADMODAYA SECONDARY SCHOOL	RAMSHAPATH	177	0.6274729604784409
27022	पशुपति बहुमुखी क्याम्पस, चावहिल	27238	PUSPA MEMORIAL CAMPUS	CHABAHIL	200	0.5057933757467208
27022	पशुपति बहुमुखी क्याम्पस, चावहिल	27102	JAGIT MANDIR SECONDARY SCHOOL	CHABAHIL	200	0.3319196235751102
27022	पशुपति बहुमुखी क्याम्पस, चावहिल	27097	BRILLENT EDUCATION SECONDARY SCHOOL	CHABAHIL	159	0.33868517254703706
27246	सेन्ट जेभियर्स कलेज माइतीघर	27136	EVEREST CAMPUS	THAPATHALI	200	0.35166979256414127
27246	सेन्ट जेभियर्स कलेज माइतीघर	27011	VISHWO NIKETAN SECONDARY SCHOOL	TRIPURESHWAR	200	0.8784745159229013
27246	सेन्ट जेभियर्स कलेज माइतीघर	27159	BIJAY SMARAK MA VI	DILLIBAZAR	75	1.4222718583770313
27246	सेन्ट जेभियर्स कलेज माइतीघर	27117	NEPAL MEGHA COLLEGE	BABARMAHAL	34	0.7013875088841498
27011	विश्व निकेतन मा.वि., त्रिपुरेश्वर	27136	EVEREST CAMPUS	THAPATHALI	200	0.5434582508874125
27011	विश्व निकेतन मा.वि., त्रिपुरेश्वर	27083	COLUMBUS SECONDARY SCHOOL	SHANKHAMUL	100	1.9288236984163565
27011	विश्व निकेतन मा.वि., त्रिपुरेश्वर	27117	NEPAL MEGHA COLLEGE	BABARMAHAL	200	1.5630122077187414
27011	विश्व निकेतन मा.वि., त्रिपुरेश्वर	27137	MADAN BHANDARI SMIRITI SECONDARY SCHOOL	NAYA BANESHWAR	200	1.7243642464997877
27011	विश्व निकेतन मा.वि., त्रिपुरेश्वर	27195	JUBLIENT SECONDARY SCHOOL	KALIMATI	200	1.4205395311312798
27011	विश्व निकेतन मा.वि., त्रिपुरेश्वर	27174	PADMODAYA SECONDARY SCHOOL	RAMSHAPATH	64	1.3488309077954288
27011	विश्व निकेतन मा.वि., त्रिपुरेश्वर	27057	NOBEL ACADEMY SECONDARY SCHOOL	NAYA BANESHWAR	200	1.9479900185046908
27011	विश्व निकेतन मा.वि., त्रिपुरेश्वर	27081	SWAPNA BATIKA ACADEMY	BUDDHANAGAR	2	1.9581572272869343
27478	मनासलु व्लर्ड स्कुल, चुच्चेपाटी, काठमाडौं	27204	LUMBINI ACADEMY	CHUCHIPATI	200	0.12553060163772292
27478	मनासलु व्लर्ड स्कुल, चुच्चेपाटी, काठमाडौं	27339	PASHUPATI MITRA SECONDARY SCHOOL	CHABAHIL	200	0.5046458832823034
27478	मनासलु व्लर्ड स्कुल, चुच्चेपाटी, काठमाडौं	27050	XAVIER INTERNATIONAL SECONDARY SCHOOL	KALOPUL	193	0.22413073542639594
27017	विनायक सुधा निकेतन मा.वि., मीनभवन	27257	GLACIER INTERNATIONAL SECONDARY SCHOOL	SHANTINAGAR	200	0.20631323697530804
27017	विनायक सुधा निकेतन मा.वि., मीनभवन	27118	TRITON INTERNATIONAL SECONDARY SCHOOL	SUBDHANAGAR TINKUNE	200	0.35177728150464693
27017	विनायक सुधा निकेतन मा.वि., मीनभवन	27119	PREMIER SECONDARY SCHOOL	NAYABANESHWAR	190	0.6190765608755244
27017	विनायक सुधा निकेतन मा.वि., मीनभवन	27076	NASA INTERNATIONAL SECONDARY SCHOOL	GAIRIGAUN	146	0.7627235839369235
27207	हेराल्ड मा.वि, बसुन्धरा, काठमाडौं	27091	ACTIVE ACADEMY	BASUNDHARA	200	0.12842433338159676
27207	हेराल्ड मा.वि, बसुन्धरा, काठमाडौं	27045	SOUTH WESTERN ACADEMY SECONDARY SCHOOL	BASUNDHARA	200	0.4835387676303701
27207	हेराल्ड मा.वि, बसुन्धरा, काठमाडौं	27147	TILINGATAR SECONDARY SCHOOL	DHAPASI	200	0.4117076970984281
27207	हेराल्ड मा.वि, बसुन्धरा, काठमाडौं	27278	BASBARI SECONDARY SCHOOL	BASBARI	200	1.568038178157598
27207	हेराल्ड मा.वि, बसुन्धरा, काठमाडौं	27244	MONOHAR SECONDARY SCHOOL	GONGABU	200	1.1434998911424827
27207	हेराल्ड मा.वि, बसुन्धरा, काठमाडौं	27164	SHIVAPURI SECONDARY SCHOOL	MAHARJGUNJ	143	1.3521206688256333
27127	क्यापिटल मा.वि., कोटेश्वर	27349	COSMIC INTERNATIONAL ACADEMY	KOTESHWOR	200	0.18231610467314857
27127	क्यापिटल मा.वि., कोटेश्वर	27187	GRAMMER PUBLIC SECONDARY SCHOOL	KOTESHWOR	200	0.6653607781431632
27127	क्यापिटल मा.वि., कोटेश्वर	27263	COLLEGE OF NATIONAL ACADEMIC SQUARE	KOTESHWOR	200	0.6696645532385438
27127	क्यापिटल मा.वि., कोटेश्वर	27064	HIMALAYA ENGLISH BOARDING SECONDARY SCHOOL	KOTESHWOR	200	0.7608286766746768
27127	क्यापिटल मा.वि., कोटेश्वर	27425	KOTESHWOR SARASWATI SECONDARY SCHOOL	KOTESHWOR	200	0.8736448220494804
27127	क्यापिटल मा.वि., कोटेश्वर	27179	KOTESHWOR MULTIPLE CAMPUS	JADIBUTI	200	1.01495327035158
27127	क्यापिटल मा.वि., कोटेश्वर	27072	BANESHWAR CAMPUS	SHANTINAGAR	10	1.748996928230062
27119	प्रिमियर मा.वि., नयाँवानेश्वर	27126	KNOWLEDGE AND WISDOM ACADEMY SECONDARY SCHOOL	NAYA BANESHWAR	192	0.3596770391599859
27119	प्रिमियर मा.वि., नयाँवानेश्वर	27257	GLACIER INTERNATIONAL SECONDARY SCHOOL	SHANTINAGAR	133	0.5897636691096084
27119	प्रिमियर मा.वि., नयाँवानेश्वर	27081	SWAPNA BATIKA ACADEMY	BUDDHANAGAR	200	0.8273008164430729
27119	प्रिमियर मा.वि., नयाँवानेश्वर	27117	NEPAL MEGHA COLLEGE	BABARMAHAL	75	1.0240319983257247
27119	प्रिमियर मा.वि., नयाँवानेश्वर	27188	RATNA RAJYA SECONDARY SCHOOL	BANESHWAR	57	0.9671256874102147
27077	टेक्सास इ मा.वि, मित्रपार्क,	27097	BRILLENT EDUCATION SECONDARY SCHOOL	CHABAHIL	200	0.18266062429933985
27077	टेक्सास इ मा.वि, मित्रपार्क,	27102	JAGIT MANDIR SECONDARY SCHOOL	CHABAHIL	200	0.3981062167912374
27077	टेक्सास इ मा.वि, मित्रपार्क,	27238	PUSPA MEMORIAL CAMPUS	CHABAHIL	200	0.7309298933809644
27077	टेक्सास इ मा.वि, मित्रपार्क,	27050	XAVIER INTERNATIONAL SECONDARY SCHOOL	KALOPUL	200	0.9820332855102236
27077	टेक्सास इ मा.वि, मित्रपार्क,	27022	PASHUPATI MULTIPLE CAMPUS	SUKEDHARA	4	0.3589281516715478
27435	प्रोग्रेसिभ इङ्गलिस मा वि, महांकाल	27282	KATHMANDU UNIFIED SECONDARY SCHOOL	CHABAHIL	200	0.5943933125052877
27435	प्रोग्रेसिभ इङ्गलिस मा वि, महांकाल	27247	MAHENDRA BOUDHA SECONDARY SCHOOL	CHABAHIL	200	0.8864126131142587
27435	प्रोग्रेसिभ इङ्गलिस मा वि, महांकाल	27339	PASHUPATI MITRA SECONDARY SCHOOL	CHABAHIL	200	1.0804361411658696
27435	प्रोग्रेसिभ इङ्गलिस मा वि, महांकाल	27344	JOSEPH ENGLISH SCHOOL	BOUDHA MAHANKAL	200	0.6135593163300387
27435	प्रोग्रेसिभ इङ्गलिस मा वि, महांकाल	27235	ROYALTY SECONDARY SCHOOL	GOKARNESHWAR	120	0.8502859548443626
27104	द टाइम्स मा.वि., डिल्लीबजार	27192	PADMAKANYA BIDYASHRAM SECONDARY SCHOOL	DILLIBAZAR	150	0.3873498816410943
27104	द टाइम्स मा.वि., डिल्लीबजार	27449	NANDI SECONDARY SCHOOL	NAXAL	200	0.5845005543936174
27104	द टाइम्स मा.वि., डिल्लीबजार	27051	UNIGLOBE MA VI	KAMALADI	100	0.5736102764617388
27104	द टाइम्स मा.वि., डिल्लीबजार	27341	JUDDHODAYA SECONDARY SCHOOL	CHETRAPATI	53	1.6484824983875124
27036	सेन्ट लरेन्स मा.वि, चावहिल	27102	JAGIT MANDIR SECONDARY SCHOOL	CHABAHIL	66	0.47809346129545116
27036	सेन्ट लरेन्स मा.वि, चावहिल	27478	MANASALU WORLD SECONDARY SCHOOL	CHUCHIPATI CHABAHIL	200	0.5455103976649913
27036	सेन्ट लरेन्स मा.वि, चावहिल	27339	PASHUPATI MITRA SECONDARY SCHOOL	CHABAHIL	25	0.24167166697117265
27036	सेन्ट लरेन्स मा.वि, चावहिल	27204	LUMBINI ACADEMY	CHUCHIPATI	200	0.6176196917150183
27036	सेन्ट लरेन्स मा.वि, चावहिल	27282	KATHMANDU UNIFIED SECONDARY SCHOOL	CHABAHIL	27	1.3465442953590083
27051	युनिग्लोब मा.वि, कमलादी	27021	ANAPURNA SECONDARY SCHOOL	JYATHA	200	0.7527486906620935
27051	युनिग्लोब मा.वि, कमलादी	27341	JUDDHODAYA SECONDARY SCHOOL	CHETRAPATI	200	1.1591591151590097
27051	युनिग्लोब मा.वि, कमलादी	27505	SHANTI SIKSHYA SECONDARY SCHOOL	THAHITI	100	1.112622764664411
27051	युनिग्लोब मा.वि, कमलादी	27241	TANGAL SECONDARY SCHOOL	TANGAL	200	1.4520874472155991
27051	युनिग्लोब मा.वि, कमलादी	27195	JUBLIENT SECONDARY SCHOOL	KALIMATI	200	1.7998431726933826
27051	युनिग्लोब मा.वि, कमलादी	27449	NANDI SECONDARY SCHOOL	NAXAL	59	0.8319859305833242
27045	साउथ वेस्टर्न स्टेट मा.वि., बसुन्धारा	27091	ACTIVE ACADEMY	BASUNDHARA	200	0.49301267875436333
27045	साउथ वेस्टर्न स्टेट मा.वि., बसुन्धारा	27242	MAN SINGH DHARMA SECONDARY SCHOOL	MANAMAIJU	200	1.5250835747342897
27045	साउथ वेस्टर्न स्टेट मा.वि., बसुन्धारा	27074	PASANGLAMHU SHERPA SECONDARY SCHOOL	GONGABU	200	1.1131321275849397
27045	साउथ वेस्टर्न स्टेट मा.वि., बसुन्धारा	27244	MONOHAR SECONDARY SCHOOL	GONGABU	125	0.6550032215006849
27045	साउथ वेस्टर्न स्टेट मा.वि., बसुन्धारा	27219	TAKSHASHILA ACADEMY	SAMAKHUSHI	200	0.5545888015131719
27045	साउथ वेस्टर्न स्टेट मा.वि., बसुन्धारा	27147	TILINGATAR SECONDARY SCHOOL	DHAPASI	150	0.9088077762512643
27045	साउथ वेस्टर्न स्टेट मा.वि., बसुन्धारा	27164	SHIVAPURI SECONDARY SCHOOL	MAHARJGUNJ	200	1.0766567488489
27045	साउथ वेस्टर्न स्टेट मा.वि., बसुन्धारा	27060	LINCOLN SECONDARY SCHOOL	GONGABU	3	0.9088716605533048
27519	नामी इन्टरनेश्नल मा.वि., गोकर्णेश्वर, जोरपाटी	27335	AKASHDEEP ENGLISH SECONDARY SCHOOL	JORPATI	200	0.26814939253754494
27519	नामी इन्टरनेश्नल मा.वि., गोकर्णेश्वर, जोरपाटी	27366	VENUS PUBLIC SCHOOL	JORPATI	200	1.1572058400030345
27519	नामी इन्टरनेश्नल मा.वि., गोकर्णेश्वर, जोरपाटी	27482	ATLANTIC BOARDING SECONDARY SCHOOL	JORPATI	108	0.266148710012094
27029	गोल्डेनगेट इन्टरनेशनल मा.वि., वत्तीसपुतली	27133	GLOBAL COLLEGE OF MANAGEMENT	BANESHWAR	200	0.3898003530845531
27029	गोल्डेनगेट इन्टरनेशनल मा.वि., वत्तीसपुतली	27188	RATNA RAJYA SECONDARY SCHOOL	BANESHWAR	200	0.9278167624038592
27029	गोल्डेनगेट इन्टरनेशनल मा.वि., वत्तीसपुतली	27241	TANGAL SECONDARY SCHOOL	TANGAL	197	1.6303119068988121
27029	गोल्डेनगेट इन्टरनेशनल मा.वि., वत्तीसपुतली	27240	SHARADA SECONDARY SCHOOL	GAUSHALA	200	0.9736873551759339
27029	गोल्डेनगेट इन्टरनेशनल मा.वि., वत्तीसपुतली	27104	THE TIMES ENGLISH SCHOOL	DILLIBAZAR	36	1.4892110838871973
27029	गोल्डेनगेट इन्टरनेशनल मा.वि., वत्तीसपुतली	27072	BANESHWAR CAMPUS	SHANTINAGAR	149	1.785433856169058
27172	लिभरपुल आ.मा.वि., नयाँ वानेश्वर	27081	SWAPNA BATIKA ACADEMY	BUDDHANAGAR	148	0.6874231132677373
27172	लिभरपुल आ.मा.वि., नयाँ वानेश्वर	27017	BINAYAK SUDHA NIKETAN SECONDARY SCHOOL	BANESHWAR	200	0.7295739742171083
27172	लिभरपुल आ.मा.वि., नयाँ वानेश्वर	27187	GRAMMER PUBLIC SECONDARY SCHOOL	KOTESHWOR	200	0.7290895558149766
27172	लिभरपुल आ.मा.वि., नयाँ वानेश्वर	27425	KOTESHWOR SARASWATI SECONDARY SCHOOL	KOTESHWOR	184	0.564875238976649
27172	लिभरपुल आ.मा.वि., नयाँ वानेश्वर	27064	HIMALAYA ENGLISH BOARDING SECONDARY SCHOOL	KOTESHWOR	12	1.1036904522254938
27172	लिभरपुल आ.मा.वि., नयाँ वानेश्वर	27057	NOBEL ACADEMY SECONDARY SCHOOL	NAYA BANESHWAR	200	1.0013030794150828
27172	लिभरपुल आ.मा.वि., नयाँ वानेश्वर	27063	HIMALAYA WHITE HOUSE INTERNATIONAL SECONDARY SCHOOL	TINKUNA	14	1.1038098289917406
27156	रिलायन्स इन्टरनेशनल एकेडेमी,कपन	27245	BAL UDDHAR SECONDARY SCHOOL	KAPAN	200	0.18677128015651273
27156	रिलायन्स इन्टरनेशनल एकेडेमी,कपन	27200	JANAKALYAN SECONDARY SCHOOL	BOUDHA	200	0.5708994537372408
27156	रिलायन्स इन्टरनेशनल एकेडेमी,कपन	27282	KATHMANDU UNIFIED SECONDARY SCHOOL	CHABAHIL	200	0.5446009181317404
27156	रिलायन्स इन्टरनेशनल एकेडेमी,कपन	27344	JOSEPH ENGLISH SCHOOL	BOUDHA MAHANKAL	200	0.5098391236988019
27156	रिलायन्स इन्टरनेशनल एकेडेमी,कपन	27345	JUGAL ENGLISH MEDIUM SCHOOL	KAPAN	125	0.337667826493998
27050	जेभियर्स इन्टरनेशनल मा.वि., कालोपुल	27238	PUSPA MEMORIAL CAMPUS	CHABAHIL	100	0.46245878632908705
27050	जेभियर्स इन्टरनेशनल मा.वि., कालोपुल	27022	PASHUPATI MULTIPLE CAMPUS	SUKEDHARA	200	0.6338757115772151
27050	जेभियर्स इन्टरनेशनल मा.वि., कालोपुल	27435	PROGRESSIVE ENGLISH SECONDARY SCHOOL	MAHAKAL	200	0.7522157318215947
27050	जेभियर्स इन्टरनेशनल मा.वि., कालोपुल	27036	ST.LAWERENCE SECONDARY SCHOOL	CHABAHIL	186	0.3443377186748327
27050	जेभियर्स इन्टरनेशनल मा.वि., कालोपुल	27204	LUMBINI ACADEMY	CHUCHIPATI	50	0.3305072720120847
27050	जेभियर्स इन्टरनेशनल मा.वि., कालोपुल	27245	BAL UDDHAR SECONDARY SCHOOL	KAPAN	200	1.684401100018337
27050	जेभियर्स इन्टरनेशनल मा.वि., कालोपुल	27065	ARUNIMA SECONDARY SCHOOL	BOUDDHA	200	0.9030644325804759
27050	जेभियर्स इन्टरनेशनल मा.वि., कालोपुल	27282	KATHMANDU UNIFIED SECONDARY SCHOOL	CHABAHIL	3	1.0737035562362032
27133	ग्लोबल कलेज अफ मेनेजमेन्ट, वासुकीमार्ग, वानेश्वर	27188	RATNA RAJYA SECONDARY SCHOOL	BANESHWAR	200	0.5707946936673781
27133	ग्लोबल कलेज अफ मेनेजमेन्ट, वासुकीमार्ग, वानेश्वर	27057	NOBEL ACADEMY SECONDARY SCHOOL	NAYA BANESHWAR	150	1.2991335398908332
27133	ग्लोबल कलेज अफ मेनेजमेन्ट, वासुकीमार्ग, वानेश्वर	27240	SHARADA SECONDARY SCHOOL	GAUSHALA	50	0.9709247678520014
27133	ग्लोबल कलेज अफ मेनेजमेन्ट, वासुकीमार्ग, वानेश्वर	27137	MADAN BHANDARI SMIRITI SECONDARY SCHOOL	NAYA BANESHWAR	163	1.205478262069754
27133	ग्लोबल कलेज अफ मेनेजमेन्ट, वासुकीमार्ग, वानेश्वर	27412	ABHISHEK GYAN MANDIR SECONDARY SCHOOL	SINAMANGAL	200	1.3641359085768736
27133	ग्लोबल कलेज अफ मेनेजमेन्ट, वासुकीमार्ग, वानेश्वर	27049	AMBITION ACADEMY	BANESHWAR	200	0.6962678627201533
27133	ग्लोबल कलेज अफ मेनेजमेन्ट, वासुकीमार्ग, वानेश्वर	27172	LIVERPOOL SECONDARY SCHOOL	BANESHWAR	22	1.9352055713281724
27118	ट्रिटन इन्टरनेशनल मा.वि.,सुविधानगर, तीनकुने	27076	NASA INTERNATIONAL SECONDARY SCHOOL	GAIRIGAUN	100	0.8571630229517071
27118	ट्रिटन इन्टरनेशनल मा.वि.,सुविधानगर, तीनकुने	27072	BANESHWAR CAMPUS	SHANTINAGAR	100	0.7818024566609421
27118	ट्रिटन इन्टरनेशनल मा.वि.,सुविधानगर, तीनकुने	27172	LIVERPOOL SECONDARY SCHOOL	BANESHWAR	100	0.7658816217739439
27118	ट्रिटन इन्टरनेशनल मा.वि.,सुविधानगर, तीनकुने	27183	KAUSTUIV ACADEMY SECONDARY SCHOOL	PEPSICOLA	63	1.609195257799189
27244	मनोहर मा.वि. गोङ्गबु, महादेवटार	27219	TAKSHASHILA ACADEMY	SAMAKHUSHI	100	0.35821273019435707
27244	मनोहर मा.वि. गोङ्गबु, महादेवटार	27074	PASANGLAMHU SHERPA SECONDARY SCHOOL	GONGABU	37	0.47537505713307776
27492	छहारी शिक्षा सदन मा वि, गोकर्णेश्वर, काठमाडौ	27267	EASTPOLE SECONDARY SCHOOL	JORPATI	15	0.22610550044010935
27366	भेनस पब्लिक स्कुल जोरपाटी	27458	ARUNODAYA SECONDARY SCHOOL	GOKARNESHWAR ARUBARI	100	0.41796904612923946
27366	भेनस पब्लिक स्कुल जोरपाटी	27321	WITS ACADEMY	BHUWALDANDA	100	0.7586281081812614
27366	भेनस पब्लिक स्कुल जोरपाटी	27482	ATLANTIC BOARDING SECONDARY SCHOOL	JORPATI	23	1.1647600800011417
27243	शान्ति विद्या गृह मा.वि., लैनचौर	27086	MANMOHAN MEMORIAL COLLEGE	SORAKHUTTA	100	0.46056511964043395
27243	शान्ति विद्या गृह मा.वि., लैनचौर	27075	SIGMA SECONDARY SCHOOL	SORAKHUTTA	91	0.5590807435281933
27518	सुप्रिम मा.वि, रानीबन	27219	TAKSHASHILA ACADEMY	SAMAKHUSHI	73	0.13897132562078607
27271	एञ्जल हार्ट मा.वि., तारकेश्वर, मनमैजु	27242	MAN SINGH DHARMA SECONDARY SCHOOL	MANAMAIJU	36	0.2587873153420959
27271	एञ्जल हार्ट मा.वि., तारकेश्वर, मनमैजु	27074	PASANGLAMHU SHERPA SECONDARY SCHOOL	GONGABU	90	0.9955976303364614
27087	व्रिटिस गोर्खा एकाडेमी मा.वि., महाराजगञ्ज	27045	SOUTH WESTERN ACADEMY SECONDARY SCHOOL	BASUNDHARA	100	0.7748824776864862
27087	व्रिटिस गोर्खा एकाडेमी मा.वि., महाराजगञ्ज	27393	SCHEMS PUBLIC SCHOOL	MAHARAJGUNJ	45	0.6001444937264551
27278	बाँसबारी मा.वि, महाराजगञ्ज	27010	CHIRAN MILAN BISHWASHANTI CAMPUS	BASBARI	91	0.24027338245249194
27265	मोरगन इन्टरनेशनल स्कूल, बसुन्धरा	27146	SARASWATI SECONDARY SCHOOL	TOKHA	100	1.1389619932450148
27265	मोरगन इन्टरनेशनल स्कूल, बसुन्धरा	27010	CHIRAN MILAN BISHWASHANTI CAMPUS	BASBARI	100	1.8603599883963402
27265	मोरगन इन्टरनेशनल स्कूल, बसुन्धरा	27393	SCHEMS PUBLIC SCHOOL	MAHARAJGUNJ	100	1.7735568923006921
27265	मोरगन इन्टरनेशनल स्कूल, बसुन्धरा	27207	HERALD SECONDARY SCHOOL	BASUNDHARA	93	1.6276125112879813
27099	एस मा.वि., वानेश्वर	27169	GUASHEWARI SECONDARY SCHOOL	SINAMANGAL	100	0.16943087495626516
27099	एस मा.वि., वानेश्वर	27072	BANESHWAR CAMPUS	SHANTINAGAR	100	0.7327362398946885
27099	एस मा.वि., वानेश्वर	27076	NASA INTERNATIONAL SECONDARY SCHOOL	GAIRIGAUN	37	0.8074216742990309
27076	नासा नेशनल मा.वि., तिनकुने, काठमाडौं	27072	BANESHWAR CAMPUS	SHANTINAGAR	100	0.29830030968768084
27076	नासा नेशनल मा.वि., तिनकुने, काठमाडौं	27169	GUASHEWARI SECONDARY SCHOOL	SINAMANGAL	100	0.9074339059084667
27076	नासा नेशनल मा.वि., तिनकुने, काठमाडौं	27127	CAPITAL SECONDARY SCHOOL	KOTESHWOR	100	1.701454212221269
27076	नासा नेशनल मा.वि., तिनकुने, काठमाडौं	27063	HIMALAYA WHITE HOUSE INTERNATIONAL SECONDARY SCHOOL	TINKUNA	10	0.5152242362506866
27201	गणेश मा.वि. गणेशचोक	27265	MORGAN INTERNATIONAL SCHOOL	BASUNDHARA	271	1.7693438995748358
27484	मंगलादेवी मा वि, गौशाला, काठमाडौं	27335	AKASHDEEP ENGLISH SECONDARY SCHOOL	JORPATI	18	1.8770623860061313
27487	ओख्रेनी मा.वि., गोकर्णेश्वर	27041	ADARSHA SECONDARY SCHOOL	BHADRABAS	41	1.9430877351916027
27184	प्रेसीयस नेशनल एकेडेमी मा.वि., वालाजु	27208	MANASALU PUBLIC SECONDARY SCHOOL	NAYABAZAR	69	0.3525034376562589
27456	एस्फोडेल पब्लिक स्कूल, कालिकास्थान, काठमाडौं	27007	TRINITY INTERNATIONAL SECONDARY SCHOOL	DILLIBAZAR	28	0.35218214374832635
27506	विष्णुदेवी शिक्षा सदन मा वि, सतुंगल	27432	PRABHAT SECONDARY SCHOOL	THANKOT	27	2.496004872335777
27198	कालिका शरण मा.वि. जहरसिंह पौवा	27214	EVER GREEN ENGLISG SECONDARY SCHOOL	SAKHU	19	5.233465992042727
27052	द न्यू समिट मा.वि., मैतीदेवी	27049	AMBITION ACADEMY	BANESHWAR	99	1.0894348040765343
27257	ग्लासियर इन्टरनेशनल मा.वि., शान्तिनगर	27072	BANESHWAR CAMPUS	SHANTINAGAR	100	0.48933713773315013
27257	ग्लासियर इन्टरनेशनल मा.वि., शान्तिनगर	27133	GLOBAL COLLEGE OF MANAGEMENT	BANESHWAR	100	1.4171006868570026
27257	ग्लासियर इन्टरनेशनल मा.वि., शान्तिनगर	27049	AMBITION ACADEMY	BANESHWAR	38	1.0439471069107165
27160	राष्ट्रिय मा.वि., इन्द्रायणी	27214	EVER GREEN ENGLISG SECONDARY SCHOOL	SAKHU	18	1.7379664617623896
27038	भानुभक्त मेमोरियल मा.वि., पानीपोखरी	27455	BELMONT INTERNATIONAL SECONDARY SCHOOL	SAMAKHUSHI	100	0.9443004096982138
27038	भानुभक्त मेमोरियल मा.वि., पानीपोखरी	27219	TAKSHASHILA ACADEMY	SAMAKHUSHI	8	1.0182247161304712
27224	कमल नेत्र छुनमुना मा.वि. भिमसेनगोला	27169	GUASHEWARI SECONDARY SCHOOL	SINAMANGAL	11	0.7666813059605173
27477	बलम्बु मा.वि, बलम्बु, काठमाडौं	27432	PRABHAT SECONDARY SCHOOL	THANKOT	40	1.9703173978437203
27229	नेपाल राष्ट्रिय निर्माण मा.वि. मूलपानी	27482	ATLANTIC BOARDING SECONDARY SCHOOL	JORPATI	83	1.9153326183004868
27303	बाल नमूना मा.वि, बालुवाटार	27279	MAHENDRA RASTRIYA SECONDARY SCHOOL	BALUWATAR	31	0.21958039072985294
27475	कान्तिभैरव गुरुकुल विद्यालय, गोकर्णेश्वर, उत्तरबाहिनी, काठमाडौं	27366	VENUS PUBLIC SCHOOL	JORPATI	13	1.9194382103873393
27064	हिमालय इङ्गलिस बोर्डिङ मा.वि., कोटेश्वर	27187	GRAMMER PUBLIC SECONDARY SCHOOL	KOTESHWOR	100	0.530266834636047
27064	हिमालय इङ्गलिस बोर्डिङ मा.वि., कोटेश्वर	27349	COSMIC INTERNATIONAL ACADEMY	KOTESHWOR	100	0.5785510877702814
27064	हिमालय इङ्गलिस बोर्डिङ मा.वि., कोटेश्वर	27017	BINAYAK SUDHA NIKETAN SECONDARY SCHOOL	BANESHWAR	88	0.7435498627008287
27321	वीट्स एकेडेमी, भुवालडाँडा	27267	EASTPOLE SECONDARY SCHOOL	JORPATI	100	0.6145687492940042
27321	वीट्स एकेडेमी, भुवालडाँडा	27205	CHAMUNDA SECONDARY SCHOOL	JORPATI	49	0.8794111098553726
27432	प्रभात मा वि, चन्द्रागिरी, महादेवस्थान, थानकोट	27067	LRI SECONDARY SCHOOL	KALANKISTHAN	100	4.753530718333644
27432	प्रभात मा वि, चन्द्रागिरी, महादेवस्थान, थानकोट	27197	JANA SEWA SECONDARY SCHOOL	KRITIPUR	7	5.456069127619233
27253	एभरेष्ट फ्लोरिडा मा.वि, शान्तीनगर,काठमाडौं	27049	AMBITION ACADEMY	BANESHWAR	100	0.07980794694146115
27253	एभरेष्ट फ्लोरिडा मा.वि, शान्तीनगर,काठमाडौं	27188	RATNA RAJYA SECONDARY SCHOOL	BANESHWAR	43	0.19914684229704163
27253	एभरेष्ट फ्लोरिडा मा.वि, शान्तीनगर,काठमाडौं	27017	BINAYAK SUDHA NIKETAN SECONDARY SCHOOL	BANESHWAR	12	1.1593984785074598
27253	एभरेष्ट फ्लोरिडा मा.वि, शान्तीनगर,काठमाडौं	27029	GOLDENGATE INTERNATIONAL SECONDARY SCHOOL	BATTISPUTALI	4	1.1254024767538284
27335	आकाशदीप इङ्गलिस सेकेण्डरी स्कूल, गोकर्णेश्वर	27205	CHAMUNDA SECONDARY SCHOOL	JORPATI	100	0.5910815989916163
27335	आकाशदीप इङ्गलिस सेकेण्डरी स्कूल, गोकर्णेश्वर	27267	EASTPOLE SECONDARY SCHOOL	JORPATI	5	0.8337810614838039
27126	नलेज एण्ड विज्डम एकेडेमी मा.वि. वानेश्वर	27049	AMBITION ACADEMY	BANESHWAR	45	0.6115732974846803
27426	हिम रस्मी मा वि, तारकेश्वर, मनमैजु	27260	SWATI SADAN SECONDARY SCHOOL	MACHAPOKHARI	56	1.613472784544334
27032	ज्ञानकुञ्ज आवासीय मा.वि., रविभवन	27043	JANAMAITRI MULTIPLE CAMPUS	KULESHWAR	56	0.24077152486601316
27178	कैलाशकुट बहुमुखी क्याम्पस, मित्रपार्क	27022	PASHUPATI MULTIPLE CAMPUS	SUKEDHARA	55	0.31367746907170907
27166	नव जीवन आ.मा.वि., सामाखुसी	27271	ANGELS HEART SECONDARY SCHOOL	TARAKESHWAR	1	0.4740654001933886
27169	गुहेश्वरी मा.वि., सिनामंगल	27412	ABHISHEK GYAN MANDIR SECONDARY SCHOOL	SINAMANGAL	100	0.8863764360331619
27169	गुहेश्वरी मा.वि., सिनामंगल	27118	TRITON INTERNATIONAL SECONDARY SCHOOL	SUBDHANAGAR TINKUNE	3	1.6559120577026718
27364	काठमाडौं नेशनल स्कुल पुरानोवानेश्र	27133	GLOBAL COLLEGE OF MANAGEMENT	BANESHWAR	57	0.11177647696011488
27364	काठमाडौं नेशनल स्कुल पुरानोवानेश्र	27029	GOLDENGATE INTERNATIONAL SECONDARY SCHOOL	BATTISPUTALI	4	0.4549863950701867
27325	विद्या संस्कार मा.वि., न्यू वानेश्वर, काठमाडौं	27049	AMBITION ACADEMY	BANESHWAR	45	0.08211708231979495
27325	विद्या संस्कार मा.वि., न्यू वानेश्वर, काठमाडौं	27029	GOLDENGATE INTERNATIONAL SECONDARY SCHOOL	BATTISPUTALI	23	1.1025103307316295
27210	गुहेश्वरी अंग्रेजी स्कूल मा.वि. बाँसवारी	27278	BASBARI SECONDARY SCHOOL	BASBARI	25	0.0700258465837599
27072	वानेश्वर क्याम्पस, वानेश्वर	27169	GUASHEWARI SECONDARY SCHOOL	SINAMANGAL	100	0.8741706161889237
27072	वानेश्वर क्याम्पस, वानेश्वर	27063	HIMALAYA WHITE HOUSE INTERNATIONAL SECONDARY SCHOOL	TINKUNA	100	0.5368212807658521
27072	वानेश्वर क्याम्पस, वानेश्वर	27183	KAUSTUIV ACADEMY SECONDARY SCHOOL	PEPSICOLA	56	1.1030110931335926
27494	शिखरापुर मा वि फर्पिङ	27203	TAUDHA RASTRIYA SECONDARY SCHOOL	TAUDHA	47	4.322643417032542
27128	सिफल मा.वि., सिफल	27291	SAIPAL ACADEMY SECONDARY SCHOOL	SUKEDHARA	87	1.3101462745043282
27033	भाग्योदय मा.वि., साखु	27214	EVER GREEN ENGLISG SECONDARY SCHOOL	SAKHU	75	0.2687891805856242
27074	पासाङ्ग ल्हामु सेर्पा मेमोरियल मा.वि., गोङ्गबु	27060	LINCOLN SECONDARY SCHOOL	GONGABU	100	0.22591606437093922
27074	पासाङ्ग ल्हामु सेर्पा मेमोरियल मा.वि., गोङ्गबु	27455	BELMONT INTERNATIONAL SECONDARY SCHOOL	SAMAKHUSHI	96	0.36901622456967786
27286	द चाँद बाघ मा.वि, जलढुंगा	27278	BASBARI SECONDARY SCHOOL	BASBARI	14	0.4680248230718943
27316	सेक्रेड हार्ट आवासीय मा.विद्यालय, गोलढुंगा	27260	SWATI SADAN SECONDARY SCHOOL	MACHAPOKHARI	11	0.9196117562477569
27322	रिड मोडल मा.वि., इचङ्गु	27165	RAINBOW INTERNATIONAL BOARDING SCHOOL	DALLU CHAUNI	100	0.30423162948933496
27322	रिड मोडल मा.वि., इचङ्गु	27251	KAMANA INTERNATIONAL SECONDARY SCHOOL	DHUNGADHARA	58	0.38940797205442323
27245	बाल उद्वार मा.वि., कपन	27345	JUGAL ENGLISH MEDIUM SCHOOL	KAPAN	100	0.1790207970801656
27245	बाल उद्वार मा.वि., कपन	27344	JOSEPH ENGLISH SCHOOL	BOUDHA MAHANKAL	100	0.5000333462831335
27245	बाल उद्वार मा.वि., कपन	27282	KATHMANDU UNIFIED SECONDARY SCHOOL	CHABAHIL	11	0.7280885023118222
27245	बाल उद्वार मा.वि., कपन	27025	BAGMATI BOARDING SECONDARY SCHOOL	SUKEDHARA	9	0.9719435920264357
27446	जेसिज ई. बोर्डिङ मा.वि., सतुंङगल, चन्द्रागिरी	27067	LRI SECONDARY SCHOOL	KALANKISTHAN	28	2.3933233865922054
27267	इष्टपोल मा.वि., जोरपाटी	27205	CHAMUNDA SECONDARY SCHOOL	JORPATI	65	0.2649207385978812
27167	भ्याली पव्लिक मा.वि., गल्फुटार	27010	CHIRAN MILAN BISHWASHANTI CAMPUS	BASBARI	41	1.0156619557360824
27235	रोयल्टी.मा.वि., गोकर्णेश्वर	27247	MAHENDRA BOUDHA SECONDARY SCHOOL	CHABAHIL	100	0.3505037919162039
27235	रोयल्टी.मा.वि., गोकर्णेश्वर	27391	EKTA JEMS ENGLISH ACADEMY	JORPATI	8	0.8615587878618756
27297	भगवती मा.वि,पुखुलाड्छी,इपाटोल, साँखु	27214	EVER GREEN ENGLISG SECONDARY SCHOOL	SAKHU	137	0.3834442372659219
27168	गीताञ्जली ई. मा.वि., सोह्रखुट्टे	27134	PRIME INTERNATIONAL SECONDARY SCHOOL	NAYABAZAR	100	0.13162394237197966
27168	गीताञ्जली ई. मा.वि., सोह्रखुट्टे	27208	MANASALU PUBLIC SECONDARY SCHOOL	NAYABAZAR	10	0.47968980614549
27134	प्राइम इन्टरनेसनल मा.वि., खुसिवु, नयाँवजार	27075	SIGMA SECONDARY SCHOOL	SORAKHUTTA	87	0.5649988760147917
27248	हिमालयन एकेडेमी मा.वि., कपूरधारा	27115	NABODIT BIDHYAKUNJA SECONDARY SCHOOL	MAHAIPI SORAKHUTTA	19	0.22267060657946158
27174	पद्मोदय मा.वि., रामशाहपथ	27136	EVEREST CAMPUS	THAPATHALI	100	1.0658085817256382
27174	पद्मोदय मा.वि., रामशाहपथ	27029	GOLDENGATE INTERNATIONAL SECONDARY SCHOOL	BATTISPUTALI	100	1.8547135779677522
27174	पद्मोदय मा.वि., रामशाहपथ	27021	ANAPURNA SECONDARY SCHOOL	JYATHA	12	1.2178323923500385
27174	पद्मोदय मा.वि., रामशाहपथ	27243	SHANTI BIDHYAGRIHA SECONDARY SCHOOL	LAINCHAUR	48	1.984438701921461
27370	विनायक शान्ति निकेतन मा.वि, थापाथली, बबरमहल, काठमाडौं	27011	VISHWO NIKETAN SECONDARY SCHOOL	TRIPURESHWAR	12	1.3597007135123478
27447	श्री जनपथ मा.वि. कलंकी	27043	JANAMAITRI MULTIPLE CAMPUS	KULESHWAR	55	1.2121343931128825
27275	त्रिभुवन आदर्श मावि फर्पिङ	27203	TAUDHA RASTRIYA SECONDARY SCHOOL	TAUDHA	17	4.617700621767349
27525	नङ्युर मेमोरियल मा.वि, थानकोट	27432	PRABHAT SECONDARY SCHOOL	THANKOT	19	1.2529857556760002
27408	समृद्घि स्कुल, बालाजु	27028	SIDDHARTHA BANASTHALI SCIENCE CAMPUS	BANASTHALI	100	0.19923344381482355
27408	समृद्घि स्कुल, बालाजु	27134	PRIME INTERNATIONAL SECONDARY SCHOOL	NAYABAZAR	100	0.48531649384036685
27408	समृद्घि स्कुल, बालाजु	27433	MAHASHREE SECONDARY SCHOOL	SAMAKHUSHI	100	1.4199011711030602
27408	समृद्घि स्कुल, बालाजु	27018	WHITE FIELD SECONDARY SCHOOL	KHUSIBU	36	0.8894539158544664
27457	द सेलेब्रेसन को एड कागेश्वरी मनोहरा, काठमाडौं	27283	TEJ BINAYAK SECONDARY SCHOOL	GOTHATAR	40	0.20292784924425616
27013	वृहस्पती विद्या सदन मा.वि., कमलपोखरी	27449	NANDI SECONDARY SCHOOL	NAXAL	100	0.6194463715532023
27013	वृहस्पती विद्या सदन मा.वि., कमलपोखरी	27291	SAIPAL ACADEMY SECONDARY SCHOOL	SUKEDHARA	100	1.2398906059992214
27013	वृहस्पती विद्या सदन मा.वि., कमलपोखरी	27243	SHANTI BIDHYAGRIHA SECONDARY SCHOOL	LAINCHAUR	12	1.8150395757604005
27212	कामना आ.मा.वि. गोंगबु, गणेशस्थान	27271	ANGELS HEART SECONDARY SCHOOL	TARAKESHWAR	1	0.36260538944637594
27516	रत्नराज्य मा.वि., रामकोट	27311	SITAPAILA SECONDARY SCHOOL	SITAPAILA	22	3.059053022558816
27461	विद्या विकास इङ्गलिस स्कुल, कागेश्वरी मनोहरा, काठमाडौं	27283	TEJ BINAYAK SECONDARY SCHOOL	GOTHATAR	26	0.6152412107967009
27015	अरुणोदय मा वि फर्पिङ	27203	TAUDHA RASTRIYA SECONDARY SCHOOL	TAUDHA	105	3.648612374517641
27103	अमरआदर्श आवासीय मा.वि., वानेश्वर	27412	ABHISHEK GYAN MANDIR SECONDARY SCHOOL	SINAMANGAL	40	0.9498417783488814
27452	विनसम इङिलस बोर्डिङ मा.वि.	27482	ATLANTIC BOARDING SECONDARY SCHOOL	JORPATI	42	0.31081457374393606
27429	विद्यामन्दिर मा वि, चन्द्रागिरी, नैकाप	27067	LRI SECONDARY SCHOOL	KALANKISTHAN	23	1.334970163011159
27291	साइपल एकेडेमी मा.वि, सुकेधारा	27279	MAHENDRA RASTRIYA SECONDARY SCHOOL	BALUWATAR	100	0.7760125184615122
27291	साइपल एकेडेमी मा.वि, सुकेधारा	27025	BAGMATI BOARDING SECONDARY SCHOOL	SUKEDHARA	100	0.9059553830435637
27291	साइपल एकेडेमी मा.वि, सुकेधारा	27299	THE INSIGHT VISION SECONDARY SCHOOL	DHUMBARAHI	2	0.5023412115871754
27146	सरस्वती मा.वि., टोखा	27271	ANGELS HEART SECONDARY SCHOOL	TARAKESHWAR	110	3.1696583765664363
27122	निक मा.वि., डिल्लीवजार, गुर्जुमार्ग	27251	KAMANA INTERNATIONAL SECONDARY SCHOOL	DHUNGADHARA	1	0.49781817927818484
27143	कान्तिपुर क्याम्पस, थली	27335	AKASHDEEP ENGLISH SECONDARY SCHOOL	JORPATI	54	1.3941796871001821
27326	कुमुदिनी कुञ्ज मा.वि., भिममुक्तेश्वर	27080	CAPITAL HILL ACADEMY SECONDARY SCHOOL	TEKU	13	0.11481891137462867
27430	कंकाली मा वि, नैकाप	27067	LRI SECONDARY SCHOOL	KALANKISTHAN	41	2.3954728153841858
27043	जनमैत्री बहुमुखी क्याम्पस, कुलेश्वर	27362	KULESHWAR AWSIYA SECONDARY SCHOOL	KULESHWAR	100	0.13089749142397472
27043	जनमैत्री बहुमुखी क्याम्पस, कुलेश्वर	27319	GYANODAYA SECONDARY SCHOOL	BAFAL	77	1.123478864139906
27117	नेपाल मेघा क्याम्पस, बबरमहल	27172	LIVERPOOL SECONDARY SCHOOL	BANESHWAR	200	1.2491199017069217
27117	नेपाल मेघा क्याम्पस, बबरमहल	27007	TRINITY INTERNATIONAL SECONDARY SCHOOL	DILLIBAZAR	200	1.3917391826780539
27117	नेपाल मेघा क्याम्पस, बबरमहल	27101	KATHMANDU MODEL SECONDARY SCHOOL	BAGBAZAR	80	1.8927948800718117
27459	नन्दी रात्री माध्यमिक, नक्साल, काठमाडौं	27449	NANDI SECONDARY SCHOOL	NAXAL	15	0.023999816133212972
27459	नन्दी रात्री माध्यमिक, नक्साल, काठमाडौं	27243	SHANTI BIDHYAGRIHA SECONDARY SCHOOL	LAINCHAUR	26	1.2555801873496841
27312	सिद्धि गणेश मा.वि, पकनाजोल	27075	SIGMA SECONDARY SCHOOL	SORAKHUTTA	31	0.2413437905080972
27418	आशा मन्दिर ई.वो. स्कुल	27029	GOLDENGATE INTERNATIONAL SECONDARY SCHOOL	BATTISPUTALI	63	1.3372959013241228
27266	ज्ञाननिकेतन मा.वि., शंखमूल	27172	LIVERPOOL SECONDARY SCHOOL	BANESHWAR	1	0.2667799755214089
27497	संस्कृति स्कूल, ठूलो भर्‍याङ, काठमाडौं	27165	RAINBOW INTERNATIONAL BOARDING SCHOOL	DALLU CHAUNI	6	0.11665206717243694
27262	गणेश मान सिंह बहुमुखी क्याम्पस, स्वयंभु	27135	RICHMOND ACADEMY SECONDARY SCHOOL	KALANKI	100	0.16381285798059017
27262	गणेश मान सिंह बहुमुखी क्याम्पस, स्वयंभु	27095	EDMARK ACADEMY SECONDARY SCHOOL	KALANKI	3	0.31334804453184195
27214	एभर ग्रीन इङ्गलीश मा.वि., साँखु	27041	ADARSHA SECONDARY SCHOOL	BHADRABAS	91	4.3105223822856775
27219	तक्षशिला एकेडेमी, सामाखुसी	27060	LINCOLN SECONDARY SCHOOL	GONGABU	100	0.41811518128893027
27219	तक्षशिला एकेडेमी, सामाखुसी	27271	ANGELS HEART SECONDARY SCHOOL	TARAKESHWAR	100	1.2660158880104766
27219	तक्षशिला एकेडेमी, सामाखुसी	27164	SHIVAPURI SECONDARY SCHOOL	MAHARJGUNJ	79	0.9544177946720687
27176	राजधानि क्याम्पस, बालाजु	27260	SWATI SADAN SECONDARY SCHOOL	MACHAPOKHARI	1	0.23546959469738352
27136	एभरेष्ट कलेज, थापाथली	27080	CAPITAL HILL ACADEMY SECONDARY SCHOOL	TEKU	61	1.4878330444407877
27136	एभरेष्ट कलेज, थापाथली	27101	KATHMANDU MODEL SECONDARY SCHOOL	BAGBAZAR	57	1.5645744320875432
27135	रिचमण्ड एकेडेमी मा.वि., कलकीं	27447	JANAPATH SECONDARY SCHOOL	KALANKI	100	0.36734019682643737
27135	रिचमण्ड एकेडेमी मा.वि., कलकीं	27043	JANAMAITRI MULTIPLE CAMPUS	KULESHWAR	34	0.8486384456885406
27341	जुद्धोदय मा.वि ,क्षेत्रपाटी	27039	KANYA MANDIR SECONDARY SCHOOL	NAKHYA	21	0.3034630226242497
27125	लेबोरेटोरी आ. मा.वि., किर्तिपुर	27362	KULESHWAR AWSIYA SECONDARY SCHOOL	KULESHWAR	100	1.5149268401945521
27125	लेबोरेटोरी आ. मा.वि., किर्तिपुर	27135	RICHMOND ACADEMY SECONDARY SCHOOL	KALANKI	100	1.9072713685296117
27125	लेबोरेटोरी आ. मा.वि., किर्तिपुर	27043	JANAMAITRI MULTIPLE CAMPUS	KULESHWAR	39	1.6392327581616222
27231	शहिद रामनाथ दाहाल स्मृति मा.वि. वनस्थली	27251	KAMANA INTERNATIONAL SECONDARY SCHOOL	DHUNGADHARA	16	0.4329206626938761
27454	श्री नेपालवेद विद्याश्रम संस्कृत मा.वि., गौशाला	27022	PASHUPATI MULTIPLE CAMPUS	SUKEDHARA	18	0.476388435520501
27503	पाठशाला नेपाल,नयाँ वानेश्वर, काठमाडौं	27101	KATHMANDU MODEL SECONDARY SCHOOL	BAGBAZAR	100	1.9481880156704563
27503	पाठशाला नेपाल,नयाँ वानेश्वर, काठमाडौं	27063	HIMALAYA WHITE HOUSE INTERNATIONAL SECONDARY SCHOOL	TINKUNA	18	1.8147415971500893
27469	शुभयुग सेकेण्डरी स्कूल,नागार्जुन, काठमाडौं	27311	SITAPAILA SECONDARY SCHOOL	SITAPAILA	18	0.3470528606824937
27071	क्लासिक एकेडेमी मा.वि., पिंगलामार्ग	27412	ABHISHEK GYAN MANDIR SECONDARY SCHOOL	SINAMANGAL	1	0.4410028174811924
27279	महेन्द्र राष्ट्रिय मा.वि,बालुवाटार	27038	BHANUBHAKTA MEMORIAL SECONDARY SCHOOL	PANIPOKHARI	95	0.6656407992961415
27249	रोजवर्ड मा.वि., बुद्धनगर	27172	LIVERPOOL SECONDARY SCHOOL	BANESHWAR	28	1.189457025576034
27067	लर्निङ रेलम इन्टरनेशनल एल.आ.आई मा.वि., कलंकीस्थान	27447	JANAPATH SECONDARY SCHOOL	KALANKI	100	0.5834249101007063
27067	लर्निङ रेलम इन्टरनेशनल एल.आ.आई मा.वि., कलंकीस्थान	27095	EDMARK ACADEMY SECONDARY SCHOOL	KALANKI	88	0.7965562081019033
27308	शिक्षा सस्कांर मा वि, काठमाडौं–९	27097	BRILLENT EDUCATION SECONDARY SCHOOL	CHABAHIL	1	1.844202248907001
27188	रत्न राज्य मा.वि., वानेश्वर	27076	NASA INTERNATIONAL SECONDARY SCHOOL	GAIRIGAUN	21	1.5507391985754397
27188	रत्न राज्य मा.वि., वानेश्वर	27169	GUASHEWARI SECONDARY SCHOOL	SINAMANGAL	89	1.3965212776368812
27188	रत्न राज्य मा.वि., वानेश्वर	27172	LIVERPOOL SECONDARY SCHOOL	BANESHWAR	100	1.4058511361341528
27188	रत्न राज्य मा.वि., वानेश्वर	27007	TRINITY INTERNATIONAL SECONDARY SCHOOL	DILLIBAZAR	63	1.512640457348135
27285	नितेन मेमोरियल मा.वि, नागटोल	27146	SARASWATI SECONDARY SCHOOL	TOKHA	45	1.2222807213625044
27333	बौद्ध सेकेन्डरी इङ्गलिस स्कुल, रामहिटी, बौद्ध	27458	ARUNODAYA SECONDARY SCHOOL	GOKARNESHWAR ARUBARI	15	0.984610922464242
27202	साङ्गला वाल कुमारी मा.वि. चुनी	27186	KALIDEVI SECONDARY SCHOOL	KAVRESTHALI	9	0.9211011618940259
27205	चामुण्डा मा.वि. जोरपाटी	27482	ATLANTIC BOARDING SECONDARY SCHOOL	JORPATI	51	0.39332884923511163
27205	चामुण्डा मा.वि. जोरपाटी	27283	TEJ BINAYAK SECONDARY SCHOOL	GOTHATAR	200	0.9563166142785139
27205	चामुण्डा मा.वि. जोरपाटी	27458	ARUNODAYA SECONDARY SCHOOL	GOKARNESHWAR ARUBARI	189	1.074676465496075
27504	एसिया प्यासिफिक स्कुल, टोखा, धापासी	27265	MORGAN INTERNATIONAL SCHOOL	BASUNDHARA	56	0.594198609866017
27500	ल्याण्ड मार्क एकेडेमी, तारकेश्वर, साङ्गला,	27186	KALIDEVI SECONDARY SCHOOL	KAVRESTHALI	10	0.8977885536302613
27369	महान सिद्घार्थ स्कुल, चावहिल	27435	PROGRESSIVE ENGLISH SECONDARY SCHOOL	MAHAKAL	31	0.8091306750705272
27522	कन्सोलेसन एकेडेमी गार्डेन इङलिस बोर्डिङ मा.वि.,	27291	SAIPAL ACADEMY SECONDARY SCHOOL	SUKEDHARA	16	0.16224336281026921
27097	ब्रिलियन्ट एजुकेशनल मा.वि., चावहिल	27299	THE INSIGHT VISION SECONDARY SCHOOL	DHUMBARAHI	100	1.3338060417674769
27097	ब्रिलियन्ट एजुकेशनल मा.वि., चावहिल	27090	NEW MILINIUM ACADEMY	SUKEDHARA	16	1.684818655491623
27336	लालिगुराँस बाटिका स्कुल, नरेफाँट	27179	KOTESHWOR MULTIPLE CAMPUS	JADIBUTI	63	0.9493523963185126
27298	ऋत एकेडेमी मा.वि.,बसन्तनगर	27091	ACTIVE ACADEMY	BASUNDHARA	69	0.5609509671598307
27298	ऋत एकेडेमी मा.वि.,बसन्तनगर	27219	TAKSHASHILA ACADEMY	SAMAKHUSHI	19	0.5174956470325296
27298	ऋत एकेडेमी मा.वि.,बसन्तनगर	27455	BELMONT INTERNATIONAL SECONDARY SCHOOL	SAMAKHUSHI	100	1.1622166489118406
27298	ऋत एकेडेमी मा.वि.,बसन्तनगर	27060	LINCOLN SECONDARY SCHOOL	GONGABU	100	0.9338343792700473
27298	ऋत एकेडेमी मा.वि.,बसन्तनगर	27393	SCHEMS PUBLIC SCHOOL	MAHARAJGUNJ	91	1.1882526742989514
27324	हार्टल्याण्ड एकेडेमी, बाफल	27113	KATHMANDU BERNHEART SECONDARY SCHOOL	BALKHU	71	0.24658552212828322
27468	द सनशाइन सेकेण्डरी बोर्डिङ स्कुल, विजेश्वरी, काठमाडौं	27107	GITAMATA SECONDARY SCHOOL	BAJESHWARI	16	0.47451392118131297
27438	गोकर्ण मा वि, गोकर्णेश्वर	27041	ADARSHA SECONDARY SCHOOL	BHADRABAS	7	1.7078950507487527
27144	नेपालय एजुकेशन फाउण्डेसन मा.वि, कंलकी	27447	JANAPATH SECONDARY SCHOOL	KALANKI	66	0.7418928780299835
27144	नेपालय एजुकेशन फाउण्डेसन मा.वि, कंलकी	27095	EDMARK ACADEMY SECONDARY SCHOOL	KALANKI	56	0.34123943236386073
27144	नेपालय एजुकेशन फाउण्डेसन मा.वि, कंलकी	27340	JANAPRABHAT SECONDARY SCHOOL	KALIMATI	100	0.8952494318444247
27144	नेपालय एजुकेशन फाउण्डेसन मा.वि, कंलकी	27043	JANAMAITRI MULTIPLE CAMPUS	KULESHWAR	2	0.7457964964591989
27458	अरुणोदय माध्यमिक विद्यालय गोकर्णेश्वर, आरुबारी, काठमाडौं	27345	JUGAL ENGLISH MEDIUM SCHOOL	KAPAN	95	1.898183653635065
27106	रेडन मा.वि., सामाखुसी	27115	NABODIT BIDHYAKUNJA SECONDARY SCHOOL	MAHAIPI SORAKHUTTA	100	0.3012830526174616
27106	रेडन मा.वि., सामाखुसी	27433	MAHASHREE SECONDARY SCHOOL	SAMAKHUSHI	100	0.3165900331767275
27106	रेडन मा.वि., सामाखुसी	27248	HIMALAYA ACADEMY SECONDARY SCHOOL	KAPURDHARA	100	0.3389434518911963
27106	रेडन मा.वि., सामाखुसी	27455	BELMONT INTERNATIONAL SECONDARY SCHOOL	SAMAKHUSHI	18	0.5036289718053164
27351	गेट वे एकेडेमी स्कुल, पेप्सीकोला	27183	KAUSTUIV ACADEMY SECONDARY SCHOOL	PEPSICOLA	34	0.6503118351232431
27164	शिवपुरी मा.वि., महाराजगञ्ज	27455	BELMONT INTERNATIONAL SECONDARY SCHOOL	SAMAKHUSHI	10	1.2886100822979147
27164	शिवपुरी मा.वि., महाराजगञ्ज	27090	NEW MILINIUM ACADEMY	SUKEDHARA	100	1.537348341582105
27164	शिवपुरी मा.वि., महाराजगञ्ज	27060	LINCOLN SECONDARY SCHOOL	GONGABU	100	1.2943483207387632
27164	शिवपुरी मा.वि., महाराजगञ्ज	27038	BHANUBHAKTA MEMORIAL SECONDARY SCHOOL	PANIPOKHARI	49	0.6956681715659485
27502	शहीद शुक्र माध्यमिक विद्यालय, बागबजार, काठमाडौं	27007	TRINITY INTERNATIONAL SECONDARY SCHOOL	DILLIBAZAR	23	0.6196301545713526
27251	कामना इन्टरनेशनल मा.वि., ढुङ्गेधारा	27165	RAINBOW INTERNATIONAL BOARDING SCHOOL	DALLU CHAUNI	100	0.3879641543933619
27251	कामना इन्टरनेशनल मा.वि., ढुङ्गेधारा	27028	SIDDHARTHA BANASTHALI SCIENCE CAMPUS	BANASTHALI	83	1.0104057055316138
27425	कोटेश्वर सरस्वति मा.वि., कोटेश्वर	27063	HIMALAYA WHITE HOUSE INTERNATIONAL SECONDARY SCHOOL	TINKUNA	100	0.7365637544498811
27425	कोटेश्वर सरस्वति मा.वि., कोटेश्वर	27349	COSMIC INTERNATIONAL ACADEMY	KOTESHWOR	100	0.7257710141711498
27425	कोटेश्वर सरस्वति मा.वि., कोटेश्वर	27179	KOTESHWOR MULTIPLE CAMPUS	JADIBUTI	31	1.426090664347391
27195	प्रज्वल जुविल्याण्ट) मा.वि. कालिमाटी	27092	PAROPAKAR ADARSHA SECONDARY SCHOOL	BHIMSENSTHAN	100	0.1355525176575186
27195	प्रज्वल जुविल्याण्ट) मा.वि. कालिमाटी	27006	HOLYVISION SECONDARY SCHOOL	TAHACHAL	66	0.8923233300739357
27197	जनसेवा मा.वि. कीर्तिपुर	27203	TAUDHA RASTRIYA SECONDARY SCHOOL	TAUDHA	100	2.0627152627609333
27197	जनसेवा मा.वि. कीर्तिपुर	27319	GYANODAYA SECONDARY SCHOOL	BAFAL	15	3.586989147228674
27197	जनसेवा मा.वि. कीर्तिपुर	27043	JANAMAITRI MULTIPLE CAMPUS	KULESHWAR	15	3.149551970732865
27154	प्रोलिफ्रिक मा.वि., धुम्वाराही	27025	BAGMATI BOARDING SECONDARY SCHOOL	SUKEDHARA	13	0.37215909496036315
27110	बागमती कम्युनिटी क्याम्पस, शान्तिनगर, बानेश्वर	27172	LIVERPOOL SECONDARY SCHOOL	BANESHWAR	29	0.864700183200708
27023	पिपल्स क्याम्पस, पकनाजोल	27337	NEPAL YOUBAK SECONDARY SCHOOL	PAKANAJOL	100	0.06249698557228848
27023	पिपल्स क्याम्पस, पकनाजोल	27039	KANYA MANDIR SECONDARY SCHOOL	NAKHYA	57	0.4789012355095954
27094	सगरमाथा मल्टिपल कलेज, डिल्लीवजार	27007	TRINITY INTERNATIONAL SECONDARY SCHOOL	DILLIBAZAR	64	0.4180711114882991
27236	ब्रुकलिन एकेडेमी मा.वि. सुकेधारा	27025	BAGMATI BOARDING SECONDARY SCHOOL	SUKEDHARA	100	0.2161675246920619
27236	ब्रुकलिन एकेडेमी मा.वि. सुकेधारा	27299	THE INSIGHT VISION SECONDARY SCHOOL	DHUMBARAHI	89	0.3818097938028448
27482	एटलान्टिक बोर्डिङ स्कुल, गोकर्णेश्वर,नारायणटार, काठमाडौं	27283	TEJ BINAYAK SECONDARY SCHOOL	GOTHATAR	100	0.6377065149405746
27482	एटलान्टिक बोर्डिङ स्कुल, गोकर्णेश्वर,नारायणटार, काठमाडौं	27267	EASTPOLE SECONDARY SCHOOL	JORPATI	8	0.6368902583523557
27142	कुमारी आवासीय मा.वि., बौद्ध	27200	JANAKALYAN SECONDARY SCHOOL	BOUDHA	200	0.4228321350548243
27142	कुमारी आवासीय मा.वि., बौद्ध	27235	ROYALTY SECONDARY SCHOOL	GOKARNESHWAR	188	0.4747001021718758
27142	कुमारी आवासीय मा.वि., बौद्ध	27391	EKTA JEMS ENGLISH ACADEMY	JORPATI	69	1.3351848512097293
27422	लिटिल वड इङ्गलिस सेकेण्डरी स्कुल, गोकर्णेश्वर	27458	ARUNODAYA SECONDARY SCHOOL	GOKARNESHWAR ARUBARI	30	0.8014406502538737
27260	स्वाती सदन इ.बो.मा.वि., बालाजु	27106	REHDON SECONDARY SCHOOL	SAMAKHUSHI	100	1.3690311001359219
27260	स्वाती सदन इ.बो.मा.वि., बालाजु	27433	MAHASHREE SECONDARY SCHOOL	SAMAKHUSHI	100	1.0604671804491834
27260	स्वाती सदन इ.बो.मा.वि., बालाजु	27074	PASANGLAMHU SHERPA SECONDARY SCHOOL	GONGABU	11	1.128543165432119
27260	स्वाती सदन इ.बो.मा.वि., बालाजु	27060	LINCOLN SECONDARY SCHOOL	GONGABU	44	1.3470042370342101
27260	स्वाती सदन इ.बो.मा.वि., बालाजु	27028	SIDDHARTHA BANASTHALI SCIENCE CAMPUS	BANASTHALI	100	1.3988779837605607
27260	स्वाती सदन इ.बो.मा.वि., बालाजु	27115	NABODIT BIDHYAKUNJA SECONDARY SCHOOL	MAHAIPI SORAKHUTTA	16	1.4979596933606338
27311	सीतापाइला मा.वि,सीतापाइला	27305	GREENFIELD NATIONAL SECONDARY SCHOOL	SITAPAILA	69	0.5989114817293798
27510	स्वस्तीश्री गुरुकुल माध्यमिक विद्यालय, सिलण्डोल, नागार्जुन	27251	KAMANA INTERNATIONAL SECONDARY SCHOOL	DHUNGADHARA	1	0.33207146697148293
27352	कौशल इङ्गलिस वोर्डिङ स्कुल तारकेश्वर	27260	SWATI SADAN SECONDARY SCHOOL	MACHAPOKHARI	78	2.228896223746094
27039	कन्या मन्दिर मा.वि., न्ह्योखा	27337	NEPAL YOUBAK SECONDARY SCHOOL	PAKANAJOL	11	0.48184403184835517
27039	कन्या मन्दिर मा.वि., न्ह्योखा	27208	MANASALU PUBLIC SECONDARY SCHOOL	NAYABAZAR	54	1.1460648063484926
27039	कन्या मन्दिर मा.वि., न्ह्योखा	27086	MANMOHAN MEMORIAL COLLEGE	SORAKHUTTA	100	0.8841647244237328
27039	कन्या मन्दिर मा.वि., न्ह्योखा	27243	SHANTI BIDHYAGRIHA SECONDARY SCHOOL	LAINCHAUR	15	0.975333511046766
27393	स्किम्स पब्लिक स्कुल, महाराजगञ्ज	27045	SOUTH WESTERN ACADEMY SECONDARY SCHOOL	BASUNDHARA	86	0.4374231043592576
27171	ग्रामसेवा मा.वि., धर्मस्थली	27186	KALIDEVI SECONDARY SCHOOL	KAVRESTHALI	32	2.865615774603971
27070	लालिगुराँस राष्ट्रिय मा.वि, शंखमुल	27063	HIMALAYA WHITE HOUSE INTERNATIONAL SECONDARY SCHOOL	TINKUNA	35	1.3631805464642412
27436	कान्ति भैरव मा वि, कागेश्वरी मनोहरा, थली	27041	ADARSHA SECONDARY SCHOOL	BHADRABAS	64	1.93117459887057
27282	काठमाडौं युनिफाइड मा.वि, सरस्वतीनगर	27236	BROOKLIN ACADEMY SECONDARY SCHOOL	SUKEDHARA	100	0.34516004327499
27282	काठमाडौं युनिफाइड मा.वि, सरस्वतीनगर	27090	NEW MILINIUM ACADEMY	SUKEDHARA	100	0.5667265508903557
27489	निक एकेडेमी, सानो भर्‍याङ, काठमाडौं	27165	RAINBOW INTERNATIONAL BOARDING SCHOOL	DALLU CHAUNI	26	0.629622359815152
27238	पुष्पलाल मेमोरियल मा.वि. कपन	27478	MANASALU WORLD SECONDARY SCHOOL	CHUCHIPATI CHABAHIL	100	0.5026179948998589
27238	पुष्पलाल मेमोरियल मा.वि. कपन	27065	ARUNIMA SECONDARY SCHOOL	BOUDDHA	69	1.3461864969289312
27217	सरस्वतीकुञ्ज मा.वि. रातोपुल, ज्ञानेश्वर	27029	GOLDENGATE INTERNATIONAL SECONDARY SCHOOL	BATTISPUTALI	1	0.5547578485801338
27498	सेचेन महाबौद्ध विद्यालय, बोद्ध, काठमाडौं	27247	MAHENDRA BOUDHA SECONDARY SCHOOL	CHABAHIL	11	0.26123591068700514
27524	बालसुधार मा.वि., गोकर्णेश्वर, नयाँपाटी	27041	ADARSHA SECONDARY SCHOOL	BHADRABAS	22	1.5675609435592293
27239	सिद्धि गणेश मा.वि. गागलफेदी	27041	ADARSHA SECONDARY SCHOOL	BHADRABAS	50	3.2944500703789927
27476	जीवन तारा एकेडेमी, गोकर्णेश्वर, आरुवारी, काठमाडौं	27458	ARUNODAYA SECONDARY SCHOOL	GOKARNESHWAR ARUBARI	36	0.06348889511266231
27199	आइ.एस.टी. मा.वि. ज्ञानेश्वर	27007	TRINITY INTERNATIONAL SECONDARY SCHOOL	DILLIBAZAR	62	0.9716710126471193
27485	संस्कार मा.वि, सामाखुसी	27106	REHDON SECONDARY SCHOOL	SAMAKHUSHI	6	0.7222433636693101
27044	कलेज अफ विजनेश मेनेजमेन्ट मा.वि., गुर्जुमार्ग, डिल्लीवजार	27007	TRINITY INTERNATIONAL SECONDARY SCHOOL	DILLIBAZAR	63	0.27497334354151703
27044	कलेज अफ विजनेश मेनेजमेन्ट मा.वि., गुर्जुमार्ग, डिल्लीवजार	27101	KATHMANDU MODEL SECONDARY SCHOOL	BAGBAZAR	80	0.7750506687687573
27030	महामञ्जुश्री मा.वि., सितापाईला	27165	RAINBOW INTERNATIONAL BOARDING SCHOOL	DALLU CHAUNI	1	1.4837860566830663
27186	कालीदेवी मा.वि., काभ्रेस्थली	27146	SARASWATI SECONDARY SCHOOL	TOKHA	70	3.183158614385503
27081	स्वप्नवाटीका एकेडेमी मा.वि., वुद्धनगर	27127	CAPITAL SECONDARY SCHOOL	KOTESHWOR	33	1.9265892908875717
27307	ग्रामशिक्षा मन्दिर मा.वि,कपन	27278	BASBARI SECONDARY SCHOOL	BASBARI	100	1.8508269050748642
27307	ग्रामशिक्षा मन्दिर मा.वि,कपन	27245	BAL UDDHAR SECONDARY SCHOOL	KAPAN	11	1.439087885663551
27403	सोभेनियर वो. स्कुल, टोखा	27207	HERALD SECONDARY SCHOOL	BASUNDHARA	7	0.4485742294404949
27027	पेन्टागन इन्टरनेशनल मा.वि., तीनकुने	27063	HIMALAYA WHITE HOUSE INTERNATIONAL SECONDARY SCHOOL	TINKUNA	100	0.3319347342749901
27027	पेन्टागन इन्टरनेशनल मा.वि., तीनकुने	27183	KAUSTUIV ACADEMY SECONDARY SCHOOL	PEPSICOLA	100	1.0408667022447962
27027	पेन्टागन इन्टरनेशनल मा.वि., तीनकुने	27127	CAPITAL SECONDARY SCHOOL	KOTESHWOR	75	1.5470432174521693
27299	द इन्साइट भिजन मा.वि, धुम्बररही	27025	BAGMATI BOARDING SECONDARY SCHOOL	SUKEDHARA	100	0.4039063395475882
27299	द इन्साइट भिजन मा.वि, धुम्बररही	27090	NEW MILINIUM ACADEMY	SUKEDHARA	100	0.38726857806746406
27299	द इन्साइट भिजन मा.वि, धुम्बररही	27200	JANAKALYAN SECONDARY SCHOOL	BOUDHA	100	1.4633208351436107
27299	द इन्साइट भिजन मा.वि, धुम्बररही	27065	ARUNIMA SECONDARY SCHOOL	BOUDDHA	6	1.833494926077353
27296	भिम मा.वि वाडभञ्ज्याङ्ग	27432	PRABHAT SECONDARY SCHOOL	THANKOT	39	2.066126141880661
27514	धुम्रबराह मा.वि., धुम्बाराही	27299	THE INSIGHT VISION SECONDARY SCHOOL	DHUMBARAHI	16	0.111607369088186
27417	ल्याण्डमार्क एजुकेशनल फाउण्डेसन	27125	LABORATRY SECONDARY SCHOOL	KRITIPUR	1	2.2454137972119352
27449	श्री नन्दी मा.वि., नक्साल	27248	HIMALAYA ACADEMY SECONDARY SCHOOL	KAPURDHARA	38	1.5978920334180238
27190	वुढानिलकण्ठ मा.वि., नारायणस्थान	27201	GANESH SECONDARY SCHOOL	CHAPALI	231	2.440740032708908
27340	जनप्रभात मा.वि ,कालिमाटी	27006	HOLYVISION SECONDARY SCHOOL	TAHACHAL	76	0.3569959964892032
27340	जनप्रभात मा.वि ,कालिमाटी	27043	JANAMAITRI MULTIPLE CAMPUS	KULESHWAR	27	0.7649132059238674
27511	दीप मा.वि., भोटेबहाल	27011	VISHWO NIKETAN SECONDARY SCHOOL	TRIPURESHWAR	10	0.44446095489659376
27155	फर्पिङ मावि फर्पिङ	27203	TAUDHA RASTRIYA SECONDARY SCHOOL	TAUDHA	27	5.05754029910034
27155	फर्पिङ मावि फर्पिङ	27197	JANA SEWA SECONDARY SCHOOL	KRITIPUR	46	6.585241934503875
27091	एक्टीभ एकाडेमी मा.वि., वसुन्धारा	27393	SCHEMS PUBLIC SCHOOL	MAHARAJGUNJ	60	0.8430640116354656
27091	एक्टीभ एकाडेमी मा.वि., वसुन्धारा	27010	CHIRAN MILAN BISHWASHANTI CAMPUS	BASBARI	6	1.5969784477855538
27330	अमृत बोर्डिङ स्कुल, म्हेपी	27433	MAHASHREE SECONDARY SCHOOL	SAMAKHUSHI	16	0.7156474276750199
27394	इलिक्सर एकेडेमी, चावहिल	27050	XAVIER INTERNATIONAL SECONDARY SCHOOL	KALOPUL	52	0.4801443884407546
27037	बूढानिलकण्ठ मा.वि., नारायणस्थान	27201	GANESH SECONDARY SCHOOL	CHAPALI	51	2.2482842562840157
27509	बुढानीलकण्ठ मोडेल कम्यूनिटी एकेडेमी स्कुल, काठमाडौं	27201	GANESH SECONDARY SCHOOL	CHAPALI	1	1.7257204287796084
27374	रिपुमर्दिनी सैनिक सेकेण्डरी स्कुल, बाँसबारी	27010	CHIRAN MILAN BISHWASHANTI CAMPUS	BASBARI	85	0.4722264180030914
27305	ग्रिनफिल्ड नेशनल मा.वि,सितापाइला बाफल	27195	JUBLIENT SECONDARY SCHOOL	KALIMATI	30	1.959708928043578
27305	ग्रिनफिल्ड नेशनल मा.वि,सितापाइला बाफल	27058	EVEREST MA VI	SOLTEEMOD	100	0.8507341900650551
27305	ग्रिनफिल्ड नेशनल मा.वि,सितापाइला बाफल	27092	PAROPAKAR ADARSHA SECONDARY SCHOOL	BHIMSENSTHAN	45	1.9944909256197623
27517	कुलेश्वर मा.वि., कुलेश्वर	27043	JANAMAITRI MULTIPLE CAMPUS	KULESHWAR	22	0.9462303938636499
27517	कुलेश्वर मा.वि., कुलेश्वर	27362	KULESHWAR AWSIYA SECONDARY SCHOOL	KULESHWAR	5	0.896846061735537
27233	विजेश्वरी मा.वि. विजेश्वरी	27107	GITAMATA SECONDARY SCHOOL	BAJESHWARI	27	0.4275861981405679
27460	लालीगुराँस नेशनल एकेडेमी तारकेश्वर, मनमैजु,काठमाडौं	27207	HERALD SECONDARY SCHOOL	BASUNDHARA	43	1.3486739489366624
27427	संस्कृत मा वि, रानीपोखरी	27075	SIGMA SECONDARY SCHOOL	SORAKHUTTA	100	1.3116127712962693
27427	संस्कृत मा वि, रानीपोखरी	27101	KATHMANDU MODEL SECONDARY SCHOOL	BAGBAZAR	54	0.4836689119807976
27389	ज्ञान मन्दिर मा. वि.	27260	SWATI SADAN SECONDARY SCHOOL	MACHAPOKHARI	1	0.9262288386540366
27250	सेन्टेनियल मा.वि. जोरपाटी	27462	SARBANAM SIKSHALAYA	GOKARNESHWAR JORPATI	67	0.3184042733522918
27515	बालबाटिका स्कुल, पेप्सीकोला	27230	GANDHI ADARSHA SECONDARY SCHOOL	MANOHAR	3	0.555125273260871
27137	मदन भण्डारी स्मृति मा.वि., नयाँवानेश्वर	27029	GOLDENGATE INTERNATIONAL SECONDARY SCHOOL	BATTISPUTALI	170	1.1782210944210636
27137	मदन भण्डारी स्मृति मा.वि., नयाँवानेश्वर	27101	KATHMANDU MODEL SECONDARY SCHOOL	BAGBAZAR	29	1.3768062996992907
27137	मदन भण्डारी स्मृति मा.वि., नयाँवानेश्वर	27007	TRINITY INTERNATIONAL SECONDARY SCHOOL	DILLIBAZAR	10	0.7249366337995773
27227	सरस्वती मा.वि. जोरपाटी	27458	ARUNODAYA SECONDARY SCHOOL	GOKARNESHWAR ARUBARI	1	0.5049942283930561
27232	चापावोट मा.वि. नाङलेभारे	27214	EVER GREEN ENGLISG SECONDARY SCHOOL	SAKHU	17	8.433799263790009
27028	सिद्धार्थ बनस्थली साइन्स क्याम्पस, बालाजु	27134	PRIME INTERNATIONAL SECONDARY SCHOOL	NAYABAZAR	68	0.6803819387861793
27008	सहयोगी मा.वि., गोकर्ण	27335	AKASHDEEP ENGLISH SECONDARY SCHOOL	JORPATI	100	1.9338282007048577
27008	सहयोगी मा.वि., गोकर्ण	27366	VENUS PUBLIC SCHOOL	JORPATI	29	1.4052668649643378
27258	महाँकाल जनजागृत मा.वि. गोल्फूटार, महाँकाल	27307	GRAMSHIKSHA MANDIR SECONDARY SCHOOL	KAPAN	41	1.6481228258840548
27472	खगेन्द्र नवजीवन विशेष शिक्षा मा.वि., नारायणटार, काठमाडौं	27205	CHAMUNDA SECONDARY SCHOOL	JORPATI	18	0.23898081068507243
27115	नवोदित विद्याकुञ्ज मा.वि., म्हैपी	27433	MAHASHREE SECONDARY SCHOOL	SAMAKHUSHI	53	0.5600643149193947
27115	नवोदित विद्याकुञ्ज मा.वि., म्हैपी	27086	MANMOHAN MEMORIAL COLLEGE	SORAKHUTTA	100	0.8381706948951745
27115	नवोदित विद्याकुञ्ज मा.वि., म्हैपी	27003	NATIONAL SCHOOL OF SCIENCES SECONDARY SCHOOL	LAINCHAUR	66	0.689897433304402
27124	क्यान्भास मा.वि., वसुन्धरा	27248	HIMALAYA ACADEMY SECONDARY SCHOOL	KAPURDHARA	100	0.18594407345355535
27124	क्यान्भास मा.वि., वसुन्धरा	27106	REHDON SECONDARY SCHOOL	SAMAKHUSHI	100	0.280237226468807
27124	क्यान्भास मा.वि., वसुन्धरा	27115	NABODIT BIDHYAKUNJA SECONDARY SCHOOL	MAHAIPI SORAKHUTTA	100	0.3480703072133459
27124	क्यान्भास मा.वि., वसुन्धरा	27018	WHITE FIELD SECONDARY SCHOOL	KHUSIBU	25	1.700076916761994
27256	सौर्य इन्टरनेशनल मा.वि. गैह्रीगाउँ	27063	HIMALAYA WHITE HOUSE INTERNATIONAL SECONDARY SCHOOL	TINKUNA	40	0.7402519658470044
27496	प्यारामाउन्ट एकेडेमी, टोखा	27207	HERALD SECONDARY SCHOOL	BASUNDHARA	17	1.1219044126280586
27507	आनन्द भैरव मा वि, मुलपानी, काठमाडौं	27283	TEJ BINAYAK SECONDARY SCHOOL	GOTHATAR	44	1.3978979303263201
27112	त्रिज्योति मा.वि., कपन	27065	ARUNIMA SECONDARY SCHOOL	BOUDDHA	9	1.9410019016809463
27083	कोलम्वस मा.वि., शंखमूलमार्ग, नयाँवानेश्वर	27063	HIMALAYA WHITE HOUSE INTERNATIONAL SECONDARY SCHOOL	TINKUNA	100	1.697629079087188
27083	कोलम्वस मा.वि., शंखमूलमार्ग, नयाँवानेश्वर	27349	COSMIC INTERNATIONAL ACADEMY	KOTESHWOR	25	1.9464792468967111
27283	तेज विनायक मा.वि, गोठाटार	27335	AKASHDEEP ENGLISH SECONDARY SCHOOL	JORPATI	98	1.0928555587798856
27309	नागार्जुन भ्याली मा.वि,नागर्जुन मार्ग, काठमाडौं	27165	RAINBOW INTERNATIONAL BOARDING SCHOOL	DALLU CHAUNI	12	1.4699336337876436
27031	नेपाल राष्ट्रिय मा.वि., मनमैजु	27260	SWATI SADAN SECONDARY SCHOOL	MACHAPOKHARI	84	0.7463298982583668
27031	नेपाल राष्ट्रिय मा.वि., मनमैजु	27106	REHDON SECONDARY SCHOOL	SAMAKHUSHI	56	1.8060912596896008
27031	नेपाल राष्ट्रिय मा.वि., मनमैजु	27115	NABODIT BIDHYAKUNJA SECONDARY SCHOOL	MAHAIPI SORAKHUTTA	154	2.0199236588443448
27031	नेपाल राष्ट्रिय मा.वि., मनमैजु	27164	SHIVAPURI SECONDARY SCHOOL	MAHARJGUNJ	135	2.6485528512825844
27443	नेपाल आदर्श मा.वि, गणबहाल, काठमाडौं	27092	PAROPAKAR ADARSHA SECONDARY SCHOOL	BHIMSENSTHAN	29	0.617285892128664
27066	सीताराम मा.वि., रामकोट	27311	SITAPAILA SECONDARY SCHOOL	SITAPAILA	68	2.524186605743086
27440	मिनिल्याण्ड स्कुल चलखु, टेकु,	27092	PAROPAKAR ADARSHA SECONDARY SCHOOL	BHIMSENSTHAN	4	0.49697405724280064
27230	गान्धी आदर्श मा.वि. मनहराग्राम	27183	KAUSTUIV ACADEMY SECONDARY SCHOOL	PEPSICOLA	100	1.3890166905798675
27230	गान्धी आदर्श मा.वि. मनहराग्राम	27412	ABHISHEK GYAN MANDIR SECONDARY SCHOOL	SINAMANGAL	12	1.7843721763033689
27230	गान्धी आदर्श मा.वि. मनहराग्राम	27391	EKTA JEMS ENGLISH ACADEMY	JORPATI	271	2.2718736412565823
27413	शिक्षान्तर मा.वि., सिनामंगल	27183	KAUSTUIV ACADEMY SECONDARY SCHOOL	PEPSICOLA	74	1.1309930199261045
27163	मनकामना मा.वि.,जोरपाटी	27335	AKASHDEEP ENGLISH SECONDARY SCHOOL	JORPATI	123	0.14086954976780006
27163	मनकामना मा.वि.,जोरपाटी	27366	VENUS PUBLIC SCHOOL	JORPATI	82	1.1768008179201053
27163	मनकामना मा.वि.,जोरपाटी	27458	ARUNODAYA SECONDARY SCHOOL	GOKARNESHWAR ARUBARI	38	1.572760448934563
27163	मनकामना मा.वि.,जोरपाटी	27205	CHAMUNDA SECONDARY SCHOOL	JORPATI	200	0.7216736498290766
27163	मनकामना मा.वि.,जोरपाटी	27462	SARBANAM SIKSHALAYA	GOKARNESHWAR JORPATI	17	1.8075558152347162
27513	हाम्रो सनसाइन मा.वि, महाँकाल	27321	WITS ACADEMY	BHUWALDANDA	12	0.8540924691971302
27317	नेपाल एपीएफ स्कुल, कीर्तिपुर	27197	JANA SEWA SECONDARY SCHOOL	KRITIPUR	79	1.9614668671933648
27490	नेपाल पुलिस स्कुल, सामाखुशी, काठमाडौं	27248	HIMALAYA ACADEMY SECONDARY SCHOOL	KAPURDHARA	24	0.980474530555099
27455	श्री बेलमोन्ट इन्टरनेशनल मा.वि. सामाखुसी	27248	HIMALAYA ACADEMY SECONDARY SCHOOL	KAPURDHARA	58	0.75907433239501
27157	आदर्श इ. आइडियल मा.वि., चावहिल	27344	JOSEPH ENGLISH SCHOOL	BOUDHA MAHANKAL	1	0.40255784160163555
27223	इटर्नल लाइट अमरदिप) पब्लिक हाई स्कूल,	27243	SHANTI BIDHYAGRIHA SECONDARY SCHOOL	LAINCHAUR	1	0.7261470566092209
27362	कुलेश्वर आवाश मा.वि कुलेश्वर	27340	JANAPRABHAT SECONDARY SCHOOL	KALIMATI	73	0.873568867614086
27349	कस्मिक ईन्टरनेश्नल एकेडेमी	27063	HIMALAYA WHITE HOUSE INTERNATIONAL SECONDARY SCHOOL	TINKUNA	68	1.0348228190122093
27349	कस्मिक ईन्टरनेश्नल एकेडेमी	27179	KOTESHWOR MULTIPLE CAMPUS	JADIBUTI	100	0.9365762172784168
27349	कस्मिक ईन्टरनेश्नल एकेडेमी	27118	TRITON INTERNATIONAL SECONDARY SCHOOL	SUBDHANAGAR TINKUNE	12	0.8655231643217409
27349	कस्मिक ईन्टरनेश्नल एकेडेमी	27263	COLLEGE OF NATIONAL ACADEMIC SQUARE	KOTESHWOR	7	0.48934903294305543
27159	विजय स्मारक मा.वि., डिल्लीवजार	27039	KANYA MANDIR SECONDARY SCHOOL	NAKHYA	100	1.861634745401768
27159	विजय स्मारक मा.वि., डिल्लीवजार	27136	EVEREST CAMPUS	THAPATHALI	7	1.6628128851681907
27194	न्यू अरुणोदय ईं मा.वि. डल्लु	27107	GITAMATA SECONDARY SCHOOL	BAJESHWARI	7	0.2662928978470691
27046	काठमाडौं भ्याली कलेज, ताहचल, छाउनी	27107	GITAMATA SECONDARY SCHOOL	BAJESHWARI	45	0.1624279613828169
27129	जितपुर मा.वि., जितपुर	27186	KALIDEVI SECONDARY SCHOOL	KAVRESTHALI	19	3.7148107910461494
27240	शारदा मा.वि. तिलगंगा	27065	ARUNIMA SECONDARY SCHOOL	BOUDDHA	35	1.9499018968620272
27453	श्री न्यू भिजन एकेडेमी फुलवारी , कोटेश्वर	27349	COSMIC INTERNATIONAL ACADEMY	KOTESHWOR	23	0.18000309508645973
27093	सरस्वती आवासिय मा.वि., क्षेत्रपाटी	27341	JUDDHODAYA SECONDARY SCHOOL	CHETRAPATI	12	0.21939073202005804
27182	सान्त्वना मेमोरियल एकेडेमी मा.वि., शान्तिनगर	27349	COSMIC INTERNATIONAL ACADEMY	KOTESHWOR	32	1.2401990063365167
27182	सान्त्वना मेमोरियल एकेडेमी मा.वि., शान्तिनगर	27127	CAPITAL SECONDARY SCHOOL	KOTESHWOR	37	1.3868615140922254
27041	आदर्श मा.वि., भद्रवास	27344	JOSEPH ENGLISH SCHOOL	BOUDHA MAHANKAL	17	6.0697815400359
27041	आदर्श मा.वि., भद्रवास	27200	JANAKALYAN SECONDARY SCHOOL	BOUDHA	50	6.105350202234454
27208	मनासलु पब्लिक मा.वि., नयाँवजार	27075	SIGMA SECONDARY SCHOOL	SORAKHUTTA	59	0.2718274262923411
27415	पिस पोइन्ट वोंस्कुल मध्यवानेश्वर	27029	GOLDENGATE INTERNATIONAL SECONDARY SCHOOL	BATTISPUTALI	14	0.8784114184017864
27203	टौदह राष्ट्रिय मा.वि. टौदह	27058	EVEREST MA VI	SOLTEEMOD	39	5.683021005394114
27499	बाल विकास मा वि, नागार्जुन, रानीवन, काठमाडौं	27251	KAMANA INTERNATIONAL SECONDARY SCHOOL	DHUNGADHARA	28	1.989819484499115
27347	आगमन एकेडेमी, वालाजु	27248	HIMALAYA ACADEMY SECONDARY SCHOOL	KAPURDHARA	1	1.7585184383266637
27488	ञिङ्मा पल्युल उर्गेन दोर्जे क्षोलिङ माध्यमिक विद्यालय, दक्षिणकाली, काठमाडौं	27197	JANA SEWA SECONDARY SCHOOL	KRITIPUR	15	5.488644432362669
27293	जनविकास मा.वि	27362	KULESHWAR AWSIYA SECONDARY SCHOOL	KULESHWAR	33	1.0361701352559392
27276	सृजना आर्ट मा.वि, लाजिम्पाट	27243	SHANTI BIDHYAGRIHA SECONDARY SCHOOL	LAINCHAUR	71	0.7574022939525936
27329	रिभेरा इन्टरनेशलन एकेडेमी, मैजुवहाल, चावहिल	27065	ARUNIMA SECONDARY SCHOOL	BOUDDHA	63	0.5506304501710511
27056	एनसीसीएस मा.वि., पकनाजोल	27039	KANYA MANDIR SECONDARY SCHOOL	NAKHYA	115	0.521972665941707
27056	एनसीसीएस मा.वि., पकनाजोल	27341	JUDDHODAYA SECONDARY SCHOOL	CHETRAPATI	124	0.27227345970414035
27056	एनसीसीएस मा.वि., पकनाजोल	27075	SIGMA SECONDARY SCHOOL	SORAKHUTTA	132	0.41633522491302416
27056	एनसीसीएस मा.वि., पकनाजोल	27028	SIDDHARTHA BANASTHALI SCIENCE CAMPUS	BANASTHALI	122	1.5884494999123158
27437	वाल विकास मा वि, कागेश्वरी मनोहरा	27041	ADARSHA SECONDARY SCHOOL	BHADRABAS	19	1.9279018594466062
27225	ग्रीनबीच एकेडेमी पेप्सीकोला	27230	GANDHI ADARSHA SECONDARY SCHOOL	MANOHAR	64	1.0054729812391476
27024	युनिभर्सल मा.वि., मैतिदेवी	27029	GOLDENGATE INTERNATIONAL SECONDARY SCHOOL	BATTISPUTALI	67	0.7921591399813067
27068	नवज्योति इङलिस मा.वि., कोटेश्वर	27127	CAPITAL SECONDARY SCHOOL	KOTESHWOR	67	1.058318246632321
27204	लुम्बिनी एकेडेमी मा.वि. चुच्चेपाटी	27435	PROGRESSIVE ENGLISH SECONDARY SCHOOL	MAHAKAL	100	0.5211589962987265
27204	लुम्बिनी एकेडेमी मा.वि. चुच्चेपाटी	27236	BROOKLIN ACADEMY SECONDARY SCHOOL	SUKEDHARA	100	0.7747288129875651
27204	लुम्बिनी एकेडेमी मा.वि. चुच्चेपाटी	27090	NEW MILINIUM ACADEMY	SUKEDHARA	100	1.0984376496987585
27204	लुम्बिनी एकेडेमी मा.वि. चुच्चेपाटी	27299	THE INSIGHT VISION SECONDARY SCHOOL	DHUMBARAHI	24	0.9576537611104536
27242	मानसिंह धर्म मा.वि. मनमैजु,	27207	HERALD SECONDARY SCHOOL	BASUNDHARA	100	1.7605946676087247
27242	मानसिंह धर्म मा.वि. मनमैजु,	27248	HIMALAYA ACADEMY SECONDARY SCHOOL	KAPURDHARA	10	2.2965981065830006
27200	जनकल्याण मा.वि, बौद्ध,	27478	MANASALU WORLD SECONDARY SCHOOL	CHUCHIPATI CHABAHIL	176	1.1108457422534117
27200	जनकल्याण मा.वि, बौद्ध,	27247	MAHENDRA BOUDHA SECONDARY SCHOOL	CHABAHIL	109	0.6237624083689083
27200	जनकल्याण मा.वि, बौद्ध,	27435	PROGRESSIVE ENGLISH SECONDARY SCHOOL	MAHAKAL	191	0.5606587268694356
27173	स्वेत सदन ई.वो. मा.वि., गोगंवु	27248	HIMALAYA ACADEMY SECONDARY SCHOOL	KAPURDHARA	33	1.2157335802007718
27226	बृजवाटर इन्टरनेशनल कलेज, सिनामंगल, काठमाडौं	27029	GOLDENGATE INTERNATIONAL SECONDARY SCHOOL	BATTISPUTALI	54	1.4264759968191238
27226	बृजवाटर इन्टरनेशनल कलेज, सिनामंगल, काठमाडौं	27183	KAUSTUIV ACADEMY SECONDARY SCHOOL	PEPSICOLA	19	1.0785146808259871
27226	बृजवाटर इन्टरनेशनल कलेज, सिनामंगल, काठमाडौं	27230	GANDHI ADARSHA SECONDARY SCHOOL	MANOHAR	79	1.7366599296090868
27196	हिमालय इन्टरनेशनल मोडेल मा.वि. नारायणटार	27267	EASTPOLE SECONDARY SCHOOL	JORPATI	1	0.5207456227385177
27395	इलेन मेमोरियल, नागार्जुन, सितापाइला	27251	KAMANA INTERNATIONAL SECONDARY SCHOOL	DHUNGADHARA	22	1.7553069061817248
27183	कौस्तुभ एकेडेमी मा.वि.पेप्सीकोला, काठमाडौं	27179	KOTESHWOR MULTIPLE CAMPUS	JADIBUTI	74	1.4812810366928983
27281	नागार्जुन ठूला गाउँ मा.वि,जितपुरफेदी,ठूलागाँउ	27186	KALIDEVI SECONDARY SCHOOL	KAVRESTHALI	12	4.718046798721739
27241	टंगाल मा.वि, भीमभवन, टंगाल	27291	SAIPAL ACADEMY SECONDARY SCHOOL	SUKEDHARA	100	1.0734054782213602
27241	टंगाल मा.वि, भीमभवन, टंगाल	27038	BHANUBHAKTA MEMORIAL SECONDARY SCHOOL	PANIPOKHARI	13	1.3601141814160156
27264	केन्द्रीय बहिरा मा.वि., नक्साल	27003	NATIONAL SCHOOL OF SCIENCES SECONDARY SCHOOL	LAINCHAUR	41	1.6990827440358098
27058	एभरेष्ट मा.वि., सोल्टीमोड	27340	JANAPRABHAT SECONDARY SCHOOL	KALIMATI	31	0.43983765323546165
27058	एभरेष्ट मा.वि., सोल्टीमोड	27092	PAROPAKAR ADARSHA SECONDARY SCHOOL	BHIMSENSTHAN	100	1.181987149922318
27058	एभरेष्ट मा.वि., सोल्टीमोड	27113	KATHMANDU BERNHEART SECONDARY SCHOOL	BALKHU	100	0.8014172605200224
27058	एभरेष्ट मा.वि., सोल्टीमोड	27107	GITAMATA SECONDARY SCHOOL	BAJESHWARI	100	1.070884717273889
27058	एभरेष्ट मा.वि., सोल्टीमोड	27311	SITAPAILA SECONDARY SCHOOL	SITAPAILA	26	1.3648631353957872
27065	अरुणिमा मा.वि., बौद्ध	27435	PROGRESSIVE ENGLISH SECONDARY SCHOOL	MAHAKAL	74	0.726325312283823
27065	अरुणिमा मा.वि., बौद्ध	27479	LIMPIYA NATIONAL SCHOOL	GOKARNESHWAR	67	1.2999248762363658
27462	सर्वनाम शिक्षालय, गोकर्णेश्वर, काठमाडौं	27205	CHAMUNDA SECONDARY SCHOOL	JORPATI	46	1.1191088218939358
27462	सर्वनाम शिक्षालय, गोकर्णेश्वर, काठमाडौं	27391	EKTA JEMS ENGLISH ACADEMY	JORPATI	5	0.3453907757675706
27079	आशीर्वाद मा.वि., सामाखुसी	27248	HIMALAYA ACADEMY SECONDARY SCHOOL	KAPURDHARA	30	0.18074079790445222
27079	आशीर्वाद मा.वि., सामाखुसी	27003	NATIONAL SCHOOL OF SCIENCES SECONDARY SCHOOL	LAINCHAUR	94	0.7459084235706107
27401	नेशनल आइडियल बो. स्कुल, बुढानीलकण्ठ	27299	THE INSIGHT VISION SECONDARY SCHOOL	DHUMBARAHI	18	1.303922225248562
27505	शान्ति शिक्षा मन्दिर माध्यमिक विद्यालय, थहिटी, काठमाडौं	27243	SHANTI BIDHYAGRIHA SECONDARY SCHOOL	LAINCHAUR	31	0.8335995506190987
27379	होली एञ्जल्स पब्लिक स्कुल गोकर्णेश्वर	27321	WITS ACADEMY	BHUWALDANDA	32	0.26249661194040214
27339	पशुपति मित्र मा.वि ,चावहिल	27022	PASHUPATI MULTIPLE CAMPUS	SUKEDHARA	100	0.35340606073106795
27339	पशुपति मित्र मा.वि ,चावहिल	27050	XAVIER INTERNATIONAL SECONDARY SCHOOL	KALOPUL	13	0.38673692033420853
27206	स्कलर्स होम एकेडेमी मा.वि., सामाखुशी	27134	PRIME INTERNATIONAL SECONDARY SCHOOL	NAYABAZAR	1	1.7350136705767332
27442	न्यूटन चिल्ड्रेन एकेडेमी, बालुवाटार, काठमाडौं	27090	NEW MILINIUM ACADEMY	SUKEDHARA	24	0.9685808192633679
27085	एभरेष्ट सेकेण्डरी बोर्डिङ्ग विद्यालय, गल्कोपाखा, ठमेल	27003	NATIONAL SCHOOL OF SCIENCES SECONDARY SCHOOL	LAINCHAUR	83	0.15227428443657626
27512	महालक्ष्मी इ.मा.वि., फुटुङ	27146	SARASWATI SECONDARY SCHOOL	TOKHA	4	1.7129984574538735
27473	सामाखुसी इङ्लिस बोर्डिङ स्कुल, सामाखुसी	27003	NATIONAL SCHOOL OF SCIENCES SECONDARY SCHOOL	LAINCHAUR	1	1.0700073894850524
27521	टेरेशा एकेडेमी मा.वि., गौशाला	27022	PASHUPATI MULTIPLE CAMPUS	SUKEDHARA	8	0.9158911137601726
27098	जिलेट आ.मा.वि., कालिमाटी	27362	KULESHWAR AWSIYA SECONDARY SCHOOL	KULESHWAR	1	0.8556494912032456
27061	कान्जिरोवा मा.वि.,कोटेश्वर,काठमाडौं	27127	CAPITAL SECONDARY SCHOOL	KOTESHWOR	117	0.14948434957571635
27061	कान्जिरोवा मा.वि.,कोटेश्वर,काठमाडौं	27179	KOTESHWOR MULTIPLE CAMPUS	JADIBUTI	76	1.149102771762765
27165	रेन्वो इन्टरनेशनल वोडिङ्ग मा.वि., डल्लु, छाउनी	27028	SIDDHARTHA BANASTHALI SCIENCE CAMPUS	BANASTHALI	24	1.3321019055405618
27165	रेन्वो इन्टरनेशनल वोडिङ्ग मा.वि., डल्लु, छाउनी	27311	SITAPAILA SECONDARY SCHOOL	SITAPAILA	34	1.2431026270425596
27108	सान इन्टरनेशनल मा.वि., गैरीधारा	27279	MAHENDRA RASTRIYA SECONDARY SCHOOL	BALUWATAR	100	0.5953483957841705
27108	सान इन्टरनेशनल मा.वि., गैरीधारा	27038	BHANUBHAKTA MEMORIAL SECONDARY SCHOOL	PANIPOKHARI	32	0.7576743146648959
27049	एम्बिसन एकेडेमी मा.वि., नयाँ बानेश्वर	27188	RATNA RAJYA SECONDARY SCHOOL	BANESHWAR	10	0.13228380105652882
27049	एम्बिसन एकेडेमी मा.वि., नयाँ बानेश्वर	27172	LIVERPOOL SECONDARY SCHOOL	BANESHWAR	15	1.318181001200214
27049	एम्बिसन एकेडेमी मा.वि., नयाँ बानेश्वर	27057	NOBEL ACADEMY SECONDARY SCHOOL	NAYA BANESHWAR	11	0.6106775281509564
27049	एम्बिसन एकेडेमी मा.वि., नयाँ बानेश्वर	27117	NEPAL MEGHA COLLEGE	BABARMAHAL	10	0.9099648563926162
27049	एम्बिसन एकेडेमी मा.वि., नयाँ बानेश्वर	27187	GRAMMER PUBLIC SECONDARY SCHOOL	KOTESHWOR	14	1.8850636345598257
27049	एम्बिसन एकेडेमी मा.वि., नयाँ बानेश्वर	27029	GOLDENGATE INTERNATIONAL SECONDARY SCHOOL	BATTISPUTALI	10	1.0472183678724174
27049	एम्बिसन एकेडेमी मा.वि., नयाँ बानेश्वर	27017	BINAYAK SUDHA NIKETAN SECONDARY SCHOOL	BANESHWAR	10	1.2173223670069242
27049	एम्बिसन एकेडेमी मा.वि., नयाँ बानेश्वर	27022	PASHUPATI MULTIPLE CAMPUS	SUKEDHARA	182	2.2202141214824214
27371	टाइमलाइन स्कुल गोकर्णेश्वर	27479	LIMPIYA NATIONAL SCHOOL	GOKARNESHWAR	26	0.11021433713644875
27180	आदिम मा. वि., चावाहिल	27050	XAVIER INTERNATIONAL SECONDARY SCHOOL	KALOPUL	42	0.2822946540550428
27180	आदिम मा. वि., चावाहिल	27025	BAGMATI BOARDING SECONDARY SCHOOL	SUKEDHARA	71	1.169810993998636
27474	चिल्ड्रेन हेराल्ड एकेडेमी, त मनमैजु	27074	PASANGLAMHU SHERPA SECONDARY SCHOOL	GONGABU	10	2.0178345332735823
27474	चिल्ड्रेन हेराल्ड एकेडेमी, त मनमैजु	27265	MORGAN INTERNATIONAL SCHOOL	BASUNDHARA	42	3.352239942495288
27465	लाइसियम प्याराडाइज एकेडेमी, टाउनप्लानिङ, पेप्सीकोला, काठमाडौं	27230	GANDHI ADARSHA SECONDARY SCHOOL	MANOHAR	1	0.7500417469817172
27320	दीक्षान्त एकेडेमी, सुकेधारा	27236	BROOKLIN ACADEMY SECONDARY SCHOOL	SUKEDHARA	1	0.02544933027500746
27086	मनमोहन मेमोरियल मा.वि., नयाँवजार	27134	PRIME INTERNATIONAL SECONDARY SCHOOL	NAYABAZAR	27	0.6542020068581731
27086	मनमोहन मेमोरियल मा.वि., नयाँवजार	27018	WHITE FIELD SECONDARY SCHOOL	KHUSIBU	100	0.6402175837459564
27086	मनमोहन मेमोरियल मा.वि., नयाँवजार	27107	GITAMATA SECONDARY SCHOOL	BAJESHWARI	100	1.527685021267496
27086	मनमोहन मेमोरियल मा.वि., नयाँवजार	27038	BHANUBHAKTA MEMORIAL SECONDARY SCHOOL	PANIPOKHARI	100	1.7916772853948684
27086	मनमोहन मेमोरियल मा.वि., नयाँवजार	27092	PAROPAKAR ADARSHA SECONDARY SCHOOL	BHIMSENSTHAN	1	1.9528432206651671
27211	वौडेश्वर मा.वि. झोर महाँकाल	27186	KALIDEVI SECONDARY SCHOOL	KAVRESTHALI	29	1.8536778983533373
27411	देश तिलक मा.वि., सिनामंगल	27022	PASHUPATI MULTIPLE CAMPUS	SUKEDHARA	1	1.1405099653060766
27338	मंगलोदय मा.वि , थानकोट	27432	PRABHAT SECONDARY SCHOOL	THANKOT	65	0.6898896975157554
27365	लिवर्टी एकेडेमी गोकर्णेश्वर	27321	WITS ACADEMY	BHUWALDANDA	36	1.2874645768612487
27377	अमर इङ्गलिस सेकेण्डरी स्कुल टोखा	27146	SARASWATI SECONDARY SCHOOL	TOKHA	1	0.4768364427302854
27284	फुटुङ्ग मा.वि,जयन्तीपुर	27146	SARASWATI SECONDARY SCHOOL	TOKHA	100	1.9226440097520798
27433	महर्षी मा.वि, सामाखुसी	27279	MAHENDRA RASTRIYA SECONDARY SCHOOL	BALUWATAR	100	1.9447279037566538
27433	महर्षी मा.वि, सामाखुसी	27018	WHITE FIELD SECONDARY SCHOOL	KHUSIBU	18	1.7778825416815636
27433	महर्षी मा.वि, सामाखुसी	27003	NATIONAL SCHOOL OF SCIENCES SECONDARY SCHOOL	LAINCHAUR	52	1.246706189545106
27301	अमर ज्योति मा.वि ,स्युचाटार, रोका	27058	EVEREST MA VI	SOLTEEMOD	25	1.855248131738843
27107	गीतामाता मा.वि., विजेश्वरी	27113	KATHMANDU BERNHEART SECONDARY SCHOOL	BALKHU	100	1.5952681412316005
27107	गीतामाता मा.वि., विजेश्वरी	27003	NATIONAL SCHOOL OF SCIENCES SECONDARY SCHOOL	LAINCHAUR	100	1.9930484837214741
27107	गीतामाता मा.वि., विजेश्वरी	27092	PAROPAKAR ADARSHA SECONDARY SCHOOL	BHIMSENSTHAN	100	1.1711929542496065
27107	गीतामाता मा.वि., विजेश्वरी	27305	GREENFIELD NATIONAL SECONDARY SCHOOL	SITAPAILA	82	1.42475232726395
27150	लोयला मा.वि., पुरानोवानेश्वर	27230	GANDHI ADARSHA SECONDARY SCHOOL	MANOHAR	100	1.9545473240515372
27150	लोयला मा.वि., पुरानोवानेश्वर	27072	BANESHWAR CAMPUS	SHANTINAGAR	11	0.40824971386393727
27150	लोयला मा.वि., पुरानोवानेश्वर	27063	HIMALAYA WHITE HOUSE INTERNATIONAL SECONDARY SCHOOL	TINKUNA	11	0.8584787021644791
27150	लोयला मा.वि., पुरानोवानेश्वर	27412	ABHISHEK GYAN MANDIR SECONDARY SCHOOL	SINAMANGAL	6	1.4236042896568744
27434	कस्मोपोलिटन इङ्गलिस बोर्डिङ मा वि, वालुवाटार	27236	BROOKLIN ACADEMY SECONDARY SCHOOL	SUKEDHARA	14	1.0627657675300104
27495	सेन्ट जोसेफ बोर्डिङ स्कुल, तारकेश्वर, गोलढुङ्गा,	27010	CHIRAN MILAN BISHWASHANTI CAMPUS	BASBARI	12	1.0134362997842512
27412	अभिषेक ज्ञान मन्दिर, सिनामंगल	27022	PASHUPATI MULTIPLE CAMPUS	SUKEDHARA	12	1.9824664190799182
27412	अभिषेक ज्ञान मन्दिर, सिनामंगल	27435	PROGRESSIVE ENGLISH SECONDARY SCHOOL	MAHAKAL	11	2.7506174149592812
27412	अभिषेक ज्ञान मन्दिर, सिनामंगल	27179	KOTESHWOR MULTIPLE CAMPUS	JADIBUTI	10	2.4175893977497096
27412	अभिषेक ज्ञान मन्दिर, सिनामंगल	27299	THE INSIGHT VISION SECONDARY SCHOOL	DHUMBARAHI	189	3.3286371386240585
27080	क्यापिटल हिल एकेडेमी मा.वि., टेकु	27092	PAROPAKAR ADARSHA SECONDARY SCHOOL	BHIMSENSTHAN	30	0.5868508032091929
27080	क्यापिटल हिल एकेडेमी मा.वि., टेकु	27058	EVEREST MA VI	SOLTEEMOD	100	1.3011391461387865
27080	क्यापिटल हिल एकेडेमी मा.वि., टेकु	27011	VISHWO NIKETAN SECONDARY SCHOOL	TRIPURESHWAR	36	0.979344707762607
27272	राइजिङ्ग स्टार मा.वि, वाफल	27113	KATHMANDU BERNHEART SECONDARY SCHOOL	BALKHU	83	0.3973994904216334
27448	नव आदर्श मा.वि. गंगापथ बसन्तपुर	27107	GITAMATA SECONDARY SCHOOL	BAJESHWARI	26	1.2393394420361907
27451	वेष्ट प्वाइन्ट मा.वि., थानकोट	27432	PRABHAT SECONDARY SCHOOL	THANKOT	1	0.36365498715438344
27479	लिम्पिया नेशनल स्कुल, गोकर्णेश्वर, काठमाडौं	27391	EKTA JEMS ENGLISH ACADEMY	JORPATI	33	0.14007110358062713
27479	लिम्पिया नेशनल स्कुल, गोकर्णेश्वर, काठमाडौं	27267	EASTPOLE SECONDARY SCHOOL	JORPATI	100	0.9140934064394753
27479	लिम्पिया नेशनल स्कुल, गोकर्णेश्वर, काठमाडौं	27462	SARBANAM SIKSHALAYA	GOKARNESHWAR JORPATI	100	0.45524838312220295
27479	लिम्पिया नेशनल स्कुल, गोकर्णेश्वर, काठमाडौं	27283	TEJ BINAYAK SECONDARY SCHOOL	GOTHATAR	1	0.8525410895261908
27444	त्यौड मा.वि. , त्यौड तँलाछी	27011	VISHWO NIKETAN SECONDARY SCHOOL	TRIPURESHWAR	24	1.8272709127756774
27444	त्यौड मा.वि. , त्यौड तँलाछी	27243	SHANTI BIDHYAGRIHA SECONDARY SCHOOL	LAINCHAUR	9	0.9857042746490806
27105	फ्लोरोसेन्ट मा.वि., गोंगवु	27207	HERALD SECONDARY SCHOOL	BASUNDHARA	77	1.1230014133598298
27151	विष्णुमती आ.मा.वि., गोङ्गवु	27038	BHANUBHAKTA MEMORIAL SECONDARY SCHOOL	PANIPOKHARI	100	1.9310103293315004
27151	विष्णुमती आ.मा.वि., गोङ्गवु	27003	NATIONAL SCHOOL OF SCIENCES SECONDARY SCHOOL	LAINCHAUR	63	1.9956012304542365
27151	विष्णुमती आ.मा.वि., गोङ्गवु	27341	JUDDHODAYA SECONDARY SCHOOL	CHETRAPATI	11	2.657501612137494
27151	विष्णुमती आ.मा.वि., गोङ्गवु	27251	KAMANA INTERNATIONAL SECONDARY SCHOOL	DHUNGADHARA	68	2.5136190657660396
27344	जोसेफ इङ्गलिस स्कुल	27065	ARUNIMA SECONDARY SCHOOL	BOUDDHA	100	1.0682292916443061
27344	जोसेफ इङ्गलिस स्कुल	27462	SARBANAM SIKSHALAYA	GOKARNESHWAR JORPATI	34	1.3324281168015
27391	एकता जेम्स इ. एकेडेमी	27283	TEJ BINAYAK SECONDARY SCHOOL	GOTHATAR	73	0.9890727067279317
27391	एकता जेम्स इ. एकेडेमी	27267	EASTPOLE SECONDARY SCHOOL	JORPATI	74	0.9823502106396523
27247	महेन्द्र बौद्ध मा.वि., बौद्ध फुलवारी	27462	SARBANAM SIKSHALAYA	GOKARNESHWAR JORPATI	100	0.6654738806876342
27247	महेन्द्र बौद्ध मा.वि., बौद्ध फुलवारी	27321	WITS ACADEMY	BHUWALDANDA	7	0.9046077867975414
27520	दक्षता इ.मा.वि., कालीमाटी	27362	KULESHWAR AWSIYA SECONDARY SCHOOL	KULESHWAR	15	1.0696093621936718
27209	अक्सफोर्ड वोर्डिङ्ग मा.वि. नयाँवजार	27251	KAMANA INTERNATIONAL SECONDARY SCHOOL	DHUNGADHARA	46	1.3421566124970983
27209	अक्सफोर्ड वोर्डिङ्ग मा.वि. नयाँवजार	27243	SHANTI BIDHYAGRIHA SECONDARY SCHOOL	LAINCHAUR	31	1.2256827674198383
27209	अक्सफोर्ड वोर्डिङ्ग मा.वि. नयाँवजार	27107	GITAMATA SECONDARY SCHOOL	BAJESHWARI	32	1.203733614160701
27084	सिद्धार्थ एकाडेमी मा.वि., वाफल	27051	UNIGLOBE MA VI	KAMALADI	10	0.4311511792914432
27084	सिद्धार्थ एकाडेमी मा.वि., वाफल	27107	GITAMATA SECONDARY SCHOOL	BAJESHWARI	127	2.192078074446234
27095	एडमार्क एकाडेमी मा.वि., कलंकी	27058	EVEREST MA VI	SOLTEEMOD	100	1.1895439538191652
27095	एडमार्क एकाडेमी मा.वि., कलंकी	27113	KATHMANDU BERNHEART SECONDARY SCHOOL	BALKHU	100	0.8230712330226839
27095	एडमार्क एकाडेमी मा.वि., कलंकी	27362	KULESHWAR AWSIYA SECONDARY SCHOOL	KULESHWAR	69	1.1201574629494113
27263	कलेज अफ नेशनल एकेडेमिक स्क्वायर, कोटेश्वर	27136	EVEREST CAMPUS	THAPATHALI	12	3.292918901631249
27263	कलेज अफ नेशनल एकेडेमिक स्क्वायर, कोटेश्वर	27050	XAVIER INTERNATIONAL SECONDARY SCHOOL	KALOPUL	10	4.211623209233262
27263	कलेज अफ नेशनल एकेडेमिक स्क्वायर, कोटेश्वर	27022	PASHUPATI MULTIPLE CAMPUS	SUKEDHARA	11	3.8489253047952947
27263	कलेज अफ नेशनल एकेडेमिक स्क्वायर, कोटेश्वर	27230	GANDHI ADARSHA SECONDARY SCHOOL	MANOHAR	9	2.953415129900316
27216	शितला मा.वि. बालाजु हाइट	27107	GITAMATA SECONDARY SCHOOL	BAJESHWARI	68	2.9723004151557313
27148	मङ्गल मा.वि., कीर्तिपुर	27125	LABORATRY SECONDARY SCHOOL	KRITIPUR	100	1.4808077038809688
27148	मङ्गल मा.वि., कीर्तिपुर	27067	LRI SECONDARY SCHOOL	KALANKISTHAN	100	1.7156075059393139
27148	मङ्गल मा.वि., कीर्तिपुर	27197	JANA SEWA SECONDARY SCHOOL	KRITIPUR	6	1.2025888586840714
27177	काठमाण्डौ क्याम्पस, कालिमाटी	27362	KULESHWAR AWSIYA SECONDARY SCHOOL	KULESHWAR	11	0.8037235597078277
27501	मल्पी सिटी स्कूल, नक्साल, काठमाडौं	27279	MAHENDRA RASTRIYA SECONDARY SCHOOL	BALUWATAR	8	1.380993883636345
27287	लक्ष्मी शिक्षा सदन मा.वि,टेकु भन्सार मार्ग	27058	EVEREST MA VI	SOLTEEMOD	14	1.4171864873494662
27491	सत्य साई शिक्षा सदन,टोखा,	27146	SARASWATI SECONDARY SCHOOL	TOKHA	5	0.6904353798399011
27486	त्रिकोण पब्लिक स्कुल,गोकर्णेश्वर, नारायणटार, काठमाडौं	27267	EASTPOLE SECONDARY SCHOOL	JORPATI	51	0.39767795625881086
27486	त्रिकोण पब्लिक स्कुल,गोकर्णेश्वर, नारायणटार, काठमाडौं	27462	SARBANAM SIKSHALAYA	GOKARNESHWAR JORPATI	62	1.0174583245178623
27486	त्रिकोण पब्लिक स्कुल,गोकर्णेश्वर, नारायणटार, काठमाडौं	27321	WITS ACADEMY	BHUWALDANDA	100	0.9715579667281976
27486	त्रिकोण पब्लिक स्कुल,गोकर्णेश्वर, नारायणटार, काठमाडौं	27479	LIMPIYA NATIONAL SCHOOL	GOKARNESHWAR	57	0.7921799949014154
27388	लोयल्टी एकेडेमी, बुढानिलकण्ठ	27245	BAL UDDHAR SECONDARY SCHOOL	KAPAN	50	0.7209576185106504
27192	पदम कन्या विद्याश्रम मा..वि., डिल्लीवजार	27038	BHANUBHAKTA MEMORIAL SECONDARY SCHOOL	PANIPOKHARI	47	2.380134269780843
27192	पदम कन्या विद्याश्रम मा..वि., डिल्लीवजार	27133	GLOBAL COLLEGE OF MANAGEMENT	BANESHWAR	11	1.507565052276955
27192	पदम कन्या विद्याश्रम मा..वि., डिल्लीवजार	27086	MANMOHAN MEMORIAL COLLEGE	SORAKHUTTA	10	2.237821120495325
27192	पदम कन्या विद्याश्रम मा..वि., डिल्लीवजार	27049	AMBITION ACADEMY	BANESHWAR	10	1.5236858561597637
27192	पदम कन्या विद्याश्रम मा..वि., डिल्लीवजार	27299	THE INSIGHT VISION SECONDARY SCHOOL	DHUMBARAHI	32	2.8527973893996834
27192	पदम कन्या विद्याश्रम मा..वि., डिल्लीवजार	27305	GREENFIELD NATIONAL SECONDARY SCHOOL	SITAPAILA	64	4.206335805118639
27192	पदम कन्या विद्याश्रम मा..वि., डिल्लीवजार	27505	SHANTI SIKSHYA SECONDARY SCHOOL	THAHITI	10	1.7208492599377667
27192	पदम कन्या विद्याश्रम मा..वि., डिल्लीवजार	27247	MAHENDRA BOUDHA SECONDARY SCHOOL	CHABAHIL	7	4.190640714098976
27357	पुष्पसदन वोर्डिङ स्कुल कीर्तिपुर	27197	JANA SEWA SECONDARY SCHOOL	KRITIPUR	64	0.7492526441626524
27016	नामग्याल मा.वि., गोकर्ण	27041	ADARSHA SECONDARY SCHOOL	BHADRABAS	35	1.8920173122417812
27304	नेशनल क्रियटिभ कोएजुकेशनल मा.वि, चन्डोल	27090	NEW MILINIUM ACADEMY	SUKEDHARA	7	0.6611519863150985
27130	मंगलोदय बहुमुखी क्याम्पस, थानकोट	27432	PRABHAT SECONDARY SCHOOL	THANKOT	91	0.6998634758101248
27392	रिडर्स इं मोडेल स्कुल गोकर्णेश्वर	27165	RAINBOW INTERNATIONAL BOARDING SCHOOL	DALLU CHAUNI	77	0.32561913163260975
27392	रिडर्स इं मोडेल स्कुल गोकर्णेश्वर	27311	SITAPAILA SECONDARY SCHOOL	SITAPAILA	27	1.4438558502972196
27185	क्याम्ब्रिज इन्टरनेशनल वोडिङ्ग मा.वि., कलंकी	27067	LRI SECONDARY SCHOOL	KALANKISTHAN	100	0.6244276469096272
27185	क्याम्ब्रिज इन्टरनेशनल वोडिङ्ग मा.वि., कलंकी	27362	KULESHWAR AWSIYA SECONDARY SCHOOL	KULESHWAR	8	1.2662391970430291
27354	कार्डिनल इन्टरनेशनल बो स्कुल फर्पिङ	27197	JANA SEWA SECONDARY SCHOOL	KRITIPUR	39	5.408453069118433
27161	क्यामेलिया मा.वि., कालिमाटी	27362	KULESHWAR AWSIYA SECONDARY SCHOOL	KULESHWAR	31	0.8469034277294192
27002	ग्यालेक्सी पब्लिक मा.वि., ज्ञानेश्वर	27279	MAHENDRA RASTRIYA SECONDARY SCHOOL	BALUWATAR	42	1.8875136492186158
27345	जुगल इङ्गलिस मेडियम स्कुल कपन	27010	CHIRAN MILAN BISHWASHANTI CAMPUS	BASBARI	39	1.5574925197254994
27445	बौद्ध इन्टरनरेशनल मा.वि. गोकर्णेश्वर	27307	GRAMSHIKSHA MANDIR SECONDARY SCHOOL	KAPAN	100	1.8855138404272287
27445	बौद्ध इन्टरनरेशनल मा.वि. गोकर्णेश्वर	27321	WITS ACADEMY	BHUWALDANDA	39	1.3800402322478165
27508	हाइलि क्रिएटिभ स्कुल, कागेश्वरी मनोहरा, काठमाडौं	27230	GANDHI ADARSHA SECONDARY SCHOOL	MANOHAR	1	1.3311884773798222
27323	दिब्यज्ञान इङ्लिस बोर्डिङ स्कुल, डल्लु	27107	GITAMATA SECONDARY SCHOOL	BAJESHWARI	18	0.5437843592078094
27010	चिरन–मिलन विश्वशान्ति क्याम्पस, बासवारी	27045	SOUTH WESTERN ACADEMY SECONDARY SCHOOL	BASUNDHARA	97	1.1955555355364993
27342	मनमैजु मा.वि., मनमैजु	27207	HERALD SECONDARY SCHOOL	BASUNDHARA	62	1.9685407386378786
27463	अक्षरिका स्कुल, कागेश्वरी मनोहरा, काठमाडौं	27479	LIMPIYA NATIONAL SCHOOL	GOKARNESHWAR	1	1.629271358714
27480	काभ्रेस्थली मा.वि., तारकेश्वर, काभ्रेस्थली	27186	KALIDEVI SECONDARY SCHOOL	KAVRESTHALI	12	2.329814193344442
27450	सूर्योदय आवासिय मा.वि., घट्टेकुलो, डिल्लीबजार	27159	BIJAY SMARAK MA VI	DILLIBAZAR	5	0.374744998442791
27280	निलबाराही मा.वि,काठमाडौं, टंकेश्वर	27058	EVEREST MA VI	SOLTEEMOD	22	1.0372908800241945
27280	निलबाराही मा.वि,काठमाडौं, टंकेश्वर	27113	KATHMANDU BERNHEART SECONDARY SCHOOL	BALKHU	81	1.8363946203041406
27280	निलबाराही मा.वि,काठमाडौं, टंकेश्वर	27362	KULESHWAR AWSIYA SECONDARY SCHOOL	KULESHWAR	1	1.3956059424725298
27493	त्रिमुर्ति सह शिक्षा मा.वि., बाँसबारी	27010	CHIRAN MILAN BISHWASHANTI CAMPUS	BASBARI	6	0.4038638799375529
27441	ब्राइट फ्युचर सेकेन्डरी स्कूल, नैकाप, काठमाडौं	27067	LRI SECONDARY SCHOOL	KALANKISTHAN	115	0.9814930003731879
27294	ओलिभर पब्लिक मा.वि, महाराजगञ्ज, काठमाडौं	27278	BASBARI SECONDARY SCHOOL	BASBARI	1	0.3446014674197894
27090	न्यू मिलेनियम एकाडेमी मा.वि., सुकेधारा	27025	BAGMATI BOARDING SECONDARY SCHOOL	SUKEDHARA	100	0.12693667136870707
27090	न्यू मिलेनियम एकाडेमी मा.वि., सुकेधारा	27236	BROOKLIN ACADEMY SECONDARY SCHOOL	SUKEDHARA	70	0.32559962809688575
27021	अन्नपूर्ण मा.वि., ज्याठा	27075	SIGMA SECONDARY SCHOOL	SORAKHUTTA	10	1.1235392814546008
27021	अन्नपूर्ण मा.वि., ज्याठा	27311	SITAPAILA SECONDARY SCHOOL	SITAPAILA	48	3.203237876390865
27060	लिंकन मा.वि., गंगवु	27207	HERALD SECONDARY SCHOOL	BASUNDHARA	111	1.4197732846346462
27060	लिंकन मा.वि., गंगवु	27279	MAHENDRA RASTRIYA SECONDARY SCHOOL	BALUWATAR	89	1.7202982975117085
27060	लिंकन मा.वि., गंगवु	27101	KATHMANDU MODEL SECONDARY SCHOOL	BAGBAZAR	10	3.1531936095718494
27060	लिंकन मा.वि., गंगवु	27278	BASBARI SECONDARY SCHOOL	BASBARI	30	2.759574424475551
27471	वर्ल्ड युथ इन्टरनेशनल स्कुल, गोकर्णेश्वर, काठमाडौं	27458	ARUNODAYA SECONDARY SCHOOL	GOKARNESHWAR ARUBARI	6	1.9905496865852716
27020	काठमाडौं ईन्ष्टिच्यूट अफ साइन्स एण्ड टेक्नोलोजी मा.वि., कमलपोखरी	27291	SAIPAL ACADEMY SECONDARY SCHOOL	SUKEDHARA	163	1.8974152980180803
27020	काठमाडौं ईन्ष्टिच्यूट अफ साइन्स एण्ड टेक्नोलोजी मा.वि., कमलपोखरी	27192	PADMAKANYA BIDYASHRAM SECONDARY SCHOOL	DILLIBAZAR	11	0.7162065469824104
27020	काठमाडौं ईन्ष्टिच्यूट अफ साइन्स एण्ड टेक्नोलोजी मा.वि., कमलपोखरी	27081	SWAPNA BATIKA ACADEMY	BUDDHANAGAR	10	3.1119607304464805
27020	काठमाडौं ईन्ष्टिच्यूट अफ साइन्स एण्ड टेक्नोलोजी मा.वि., कमलपोखरी	27003	NATIONAL SCHOOL OF SCIENCES SECONDARY SCHOOL	LAINCHAUR	10	1.3735131743275908
27020	काठमाडौं ईन्ष्टिच्यूट अफ साइन्स एण्ड टेक्नोलोजी मा.वि., कमलपोखरी	27200	JANAKALYAN SECONDARY SCHOOL	BOUDHA	11	3.614559208238312
27020	काठमाडौं ईन्ष्टिच्यूट अफ साइन्स एण्ड टेक्नोलोजी मा.वि., कमलपोखरी	27245	BAL UDDHAR SECONDARY SCHOOL	KAPAN	49	3.709956789861985
27020	काठमाडौं ईन्ष्टिच्यूट अफ साइन्स एण्ड टेक्नोलोजी मा.वि., कमलपोखरी	27174	PADMODAYA SECONDARY SCHOOL	RAMSHAPATH	2	1.184115752106757
27466	नेपाल विद्यापिठ, वानेश्वर, काठमाडौं	27025	BAGMATI BOARDING SECONDARY SCHOOL	SUKEDHARA	17	3.770901883851467
27466	नेपाल विद्यापिठ, वानेश्वर, काठमाडौं	27156	RELIANCE INTERNATIONAL SCHOOL	KAPAN	1	4.24945976337368
27187	ग्रामर मा.वि., कोटेश्वर	27065	ARUNIMA SECONDARY SCHOOL	BOUDDHA	28	4.63326011238577
27187	ग्रामर मा.वि., कोटेश्वर	27090	NEW MILINIUM ACADEMY	SUKEDHARA	21	5.595186750170961
27187	ग्रामर मा.वि., कोटेश्वर	27278	BASBARI SECONDARY SCHOOL	BASBARI	170	6.957559154871329
27187	ग्रामर मा.वि., कोटेश्वर	27282	KATHMANDU UNIFIED SECONDARY SCHOOL	CHABAHIL	6	5.382132084036937
27302	विजेश्वरी ज्ञानमन्दिर सैनिक महाविद्यालय, विजेश्वरी	27311	SITAPAILA SECONDARY SCHOOL	SITAPAILA	25	1.670735958849849
27302	विजेश्वरी ज्ञानमन्दिर सैनिक महाविद्यालय, विजेश्वरी	27107	GITAMATA SECONDARY SCHOOL	BAJESHWARI	11	0.23971458860856368
27302	विजेश्वरी ज्ञानमन्दिर सैनिक महाविद्यालय, विजेश्वरी	27362	KULESHWAR AWSIYA SECONDARY SCHOOL	KULESHWAR	70	2.431122269897435
27034	जेभियर्स एकाडेमी मा.वि., लाजिम्पाट	27097	BRILLENT EDUCATION SECONDARY SCHOOL	CHABAHIL	10	2.070961154232518
27034	जेभियर्स एकाडेमी मा.वि., लाजिम्पाट	27321	WITS ACADEMY	BHUWALDANDA	154	4.997065310829117
27006	होली भिजन मा.वि., ताहाचल	27125	LABORATRY SECONDARY SCHOOL	KRITIPUR	70	2.7383393255335915
27467	भिमेश्वर एकेडेमी, कागेश्वरी मनोहरा, काठमाडौं	27230	GANDHI ADARSHA SECONDARY SCHOOL	MANOHAR	1	0.21421883061845762
27372	सिर्जना ज्ञानसागर स्कुल गोलढुँगा	27242	MAN SINGH DHARMA SECONDARY SCHOOL	MANAMAIJU	8	1.169986693777603
27355	मिनिल्याण्ड इङ्गलिस स्कुल थली	27156	RELIANCE INTERNATIONAL SCHOOL	KAPAN	48	4.786876002141109
27147	तिलिङ्गटार मा.वि, धापासी	27265	MORGAN INTERNATIONAL SCHOOL	BASUNDHARA	120	1.2159054601677224
27147	तिलिङ्गटार मा.वि, धापासी	27010	CHIRAN MILAN BISHWASHANTI CAMPUS	BASBARI	45	1.5524030176040997
27179	कोटेश्वर बहुमुखी क्याम्पस, कोटेश्वर	27345	JUGAL ENGLISH MEDIUM SCHOOL	KAPAN	125	6.3027267678249
27179	कोटेश्वर बहुमुखी क्याम्पस, कोटेश्वर	27479	LIMPIYA NATIONAL SCHOOL	GOKARNESHWAR	199	4.862511659783065
27138	शहीद स्मारक कलेज, नयाँवजार, कीर्तिपुर	27125	LABORATRY SECONDARY SCHOOL	KRITIPUR	270	1.3200320720424241
27138	शहीद स्मारक कलेज, नयाँवजार, कीर्तिपुर	27197	JANA SEWA SECONDARY SCHOOL	KRITIPUR	100	1.2569268269520957
27138	शहीद स्मारक कलेज, नयाँवजार, कीर्तिपुर	27067	LRI SECONDARY SCHOOL	KALANKISTHAN	16	1.7843113609222334
27428	नेपाल संगित विद्यालय, पिंगलास्थान	27230	GANDHI ADARSHA SECONDARY SCHOOL	MANOHAR	19	2.2338159279183416
27092	परोपकार आदर्श मा.वि., भिमसेनस्थान	27113	KATHMANDU BERNHEART SECONDARY SCHOOL	BALKHU	11	1.9832495016689013
27092	परोपकार आदर्श मा.वि., भिमसेनस्थान	27238	PUSPA MEMORIAL CAMPUS	CHABAHIL	10	4.514507684518824
27092	परोपकार आदर्श मा.वि., भिमसेनस्थान	27197	JANA SEWA SECONDARY SCHOOL	KRITIPUR	90	4.66572360158393
27140	ओरियण्ट स्कूल अफ साइन्स एण्ड मेनेजमेन्ट मा.वि.,नारायणगोपालचोक	27045	SOUTH WESTERN ACADEMY SECONDARY SCHOOL	BASUNDHARA	96	0.36184121279264325
27140	ओरियण्ट स्कूल अफ साइन्स एण्ड मेनेजमेन्ट मा.वि.,नारायणगोपालचोक	27265	MORGAN INTERNATIONAL SCHOOL	BASUNDHARA	49	1.810809923765455
27140	ओरियण्ट स्कूल अफ साइन्स एण्ड मेनेजमेन्ट मा.वि.,नारायणगोपालचोक	27479	LIMPIYA NATIONAL SCHOOL	GOKARNESHWAR	110	4.898363153669976
27140	ओरियण्ट स्कूल अफ साइन्स एण्ड मेनेजमेन्ट मा.वि.,नारायणगोपालचोक	27146	SARASWATI SECONDARY SCHOOL	TOKHA	5	2.8589140584162136
27025	वागमती बोर्डिङ मा.वि., सुकेधारा	27156	RELIANCE INTERNATIONAL SCHOOL	KAPAN	187	0.8181092311297247
27075	सिग्मा मा.वि., सोह्रखुट्टे	27236	BROOKLIN ACADEMY SECONDARY SCHOOL	SUKEDHARA	146	3.9438095515797977
27075	सिग्मा मा.वि., सोह्रखुट्टे	27197	JANA SEWA SECONDARY SCHOOL	KRITIPUR	28	6.4787091295814685
27075	सिग्मा मा.वि., सोह्रखुट्टे	27201	GANESH SECONDARY SCHOOL	CHAPALI	100	6.401524797463795
27337	नेपाल युवक मा.वि , पकनाजोल	27230	GANDHI ADARSHA SECONDARY SCHOOL	MANOHAR	41	6.3839938871506
27268	समता शि. निकेतन जोरपाटी	27321	WITS ACADEMY	BHUWALDANDA	88	1.3788336732231647
27268	समता शि. निकेतन जोरपाटी	27156	RELIANCE INTERNATIONAL SCHOOL	KAPAN	100	1.3270685957327009
27268	समता शि. निकेतन जोरपाटी	27230	GANDHI ADARSHA SECONDARY SCHOOL	MANOHAR	53	2.6999700729696645
27111	काठमाण्डौ भ्याली मा.वि., महाराजगञ्ज	27156	RELIANCE INTERNATIONAL SCHOOL	KAPAN	1	1.6022021458984137
27215	पृथ्वी नारायण मा.वि., गोलढुङ्गा	27186	KALIDEVI SECONDARY SCHOOL	KAVRESTHALI	99	3.9572708120926157
27328	न्यू जेनिथ ईङ्गलिस मोडेल मा.वि., भुरुङखेल	27362	KULESHWAR AWSIYA SECONDARY SCHOOL	KULESHWAR	15	2.449865889672436
27328	न्यू जेनिथ ईङ्गलिस मोडेल मा.वि., भुरुङखेल	27067	LRI SECONDARY SCHOOL	KALANKISTHAN	10	3.4475461109640317
27328	न्यू जेनिथ ईङ्गलिस मोडेल मा.वि., भुरुङखेल	27169	GUASHEWARI SECONDARY SCHOOL	SINAMANGAL	8	5.062319872298709
27018	ह्वाइटफिल्ड मा.वि., क्षेत्रपाटी	27125	LABORATRY SECONDARY SCHOOL	KRITIPUR	40	4.365309253171384
27018	ह्वाइटफिल्ड मा.वि., क्षेत्रपाटी	27230	GANDHI ADARSHA SECONDARY SCHOOL	MANOHAR	47	6.9274878235430855
27026	काठमाडौं शिक्षा क्याम्पस, तीनथाना	27432	PRABHAT SECONDARY SCHOOL	THANKOT	101	3.2642408393434716
